"ID","Description","GeneRatio","BgRatio","RichFactor","FoldEnrichment","zScore","pvalue","p.adjust","qvalue","geneID","Count"
"GO:0008380","RNA splicing","160/2966","484/18986",0.330578512396694,2.11610372095874,10.7023097604091,4.31899781157126e-22,2.66136645149021e-18,2.37590342771278e-18,"SMU1/XAB2/HTATSF1/UPF3B/PSIP1/HNRNPU/ILF3/CDK11B/HNRNPM/HNRNPA1L2/FUS/RBM10/NCL/PRPF6/YTHDC1/CWC27/HNRNPH3/SF3B2/SART1/CIRBP/PRMT7/HNRNPA1/RBM17/HNRNPA3/IK/CD2BP2/PQBP1/TARDBP/LGALS3/C9orf78/PCBP4/GPKOW/IWS1/ZNF638/ARVCF/DHX35/HNRNPL/PUF60/UPF3A/RNPS1/QKI/WDR83/UPF1/DAZAP1/TADA2B/TSEN2/SF3A2/CTNNBL1/RBM14/SRPK1/DHX38/RBM24/CASC3/SF1/DHX9/HNRNPK/KHSRP/HABP4/MPHOSPH10/TAF6L/RBMX2/CDC5L/SART3/AKAP8L/AHNAK2/SFPQ/ACIN1/DDX42/RBMX/TSEN54/RNF113B/SNRPA/DDX46/SNRNP27/NOVA1/PNN/HNRNPA2B1/KHDRBS1/CIR1/PRPF38A/NONO/PPIL2/RBM39/SNRNP35/SNRNP200/PTBP2/RBM23/HNRNPR/TAF15/LUC7L3/SYF2/PRKRIP1/TCERG1/CWF19L1/ZNF830/ZNF326/RBM5/WBP11/DDX1/SNRPA1/METTL3/GPATCH1/SRPK3/ISY1/LUC7L/LSM7/FAM50A/CWC22/KAT2A/SF3B3/CLNS1A/RBM6/CWF19L2/CWC15/U2AF1/SUPT3H/ZRSR2/LARP7/U2AF1L4/DDX5/THOC1/RBM4B/SF3B1/RBM25/PRPF19/PABPC1/PRPF40A/PUS1/U2AF2/FMR1/PRMT5/HNRNPC/SNRNP48/TSSC4/SF3A1/SF3B4/TAF5L/DDX17/PRPF40B/PRPF18/SNRNP70/RBM4/DDX23/TIA1/STRAP/PPWD1/DHX16/TRA2A/CLK2/SRRM2/HNRNPH1/HNRNPUL1/PIK3R1/HNRNPUL2/TFIP11/KAT2B/SNRPE/THOC2/RALY/PRPF31",160
"GO:0000375","RNA splicing, via transesterification reactions","125/2966","342/18986",0.365497076023392,2.33962491078224,10.7568803737656,1.21251121358671e-21,3.73574704906066e-18,3.33504400116008e-18,"SMU1/XAB2/HTATSF1/UPF3B/PSIP1/HNRNPU/ILF3/HNRNPM/HNRNPA1L2/RBM10/NCL/PRPF6/YTHDC1/CWC27/HNRNPH3/SF3B2/SART1/CIRBP/PRMT7/HNRNPA1/RBM17/HNRNPA3/IK/CD2BP2/PQBP1/C9orf78/PCBP4/GPKOW/DHX35/HNRNPL/PUF60/UPF3A/RNPS1/QKI/WDR83/UPF1/DAZAP1/SF3A2/CTNNBL1/RBM14/SRPK1/DHX38/RBM24/CASC3/SF1/DHX9/HNRNPK/KHSRP/MPHOSPH10/RBMX2/CDC5L/SART3/SFPQ/ACIN1/DDX42/RBMX/SNRPA/DDX46/SNRNP27/NOVA1/PNN/HNRNPA2B1/KHDRBS1/PRPF38A/RBM39/SNRNP35/SNRNP200/PTBP2/RBM23/HNRNPR/LUC7L3/SYF2/CWF19L1/RBM5/DDX1/SNRPA1/METTL3/GPATCH1/SRPK3/ISY1/LUC7L/LSM7/CWC22/SF3B3/CLNS1A/RBM6/CWF19L2/CWC15/U2AF1/ZRSR2/LARP7/U2AF1L4/DDX5/RBM4B/SF3B1/RBM25/PRPF19/PABPC1/PRPF40A/U2AF2/FMR1/PRMT5/HNRNPC/TSSC4/SF3A1/SF3B4/DDX17/PRPF40B/PRPF18/SNRNP70/RBM4/DDX23/TIA1/STRAP/PPWD1/DHX16/TRA2A/SRRM2/HNRNPH1/HNRNPUL1/HNRNPUL2/TFIP11/SNRPE/RALY/PRPF31",125
"GO:0000377","RNA splicing, via transesterification reactions with bulged adenosine as nucleophile","123/2966","338/18986",0.363905325443787,2.32943577507611,10.6113148205177,3.93816677000334e-21,6.06674590919015e-18,5.41601566843091e-18,"SMU1/XAB2/HTATSF1/UPF3B/PSIP1/HNRNPU/ILF3/HNRNPM/HNRNPA1L2/RBM10/NCL/PRPF6/YTHDC1/CWC27/HNRNPH3/SF3B2/SART1/CIRBP/PRMT7/HNRNPA1/RBM17/HNRNPA3/IK/CD2BP2/PQBP1/C9orf78/PCBP4/GPKOW/DHX35/HNRNPL/PUF60/UPF3A/RNPS1/QKI/WDR83/UPF1/DAZAP1/SF3A2/CTNNBL1/RBM14/SRPK1/DHX38/RBM24/CASC3/SF1/DHX9/HNRNPK/RBMX2/CDC5L/SART3/SFPQ/ACIN1/DDX42/RBMX/SNRPA/DDX46/SNRNP27/NOVA1/PNN/HNRNPA2B1/KHDRBS1/PRPF38A/RBM39/SNRNP35/SNRNP200/PTBP2/RBM23/HNRNPR/LUC7L3/SYF2/CWF19L1/RBM5/DDX1/SNRPA1/METTL3/GPATCH1/SRPK3/ISY1/LUC7L/LSM7/CWC22/SF3B3/CLNS1A/RBM6/CWF19L2/CWC15/U2AF1/ZRSR2/LARP7/U2AF1L4/DDX5/RBM4B/SF3B1/RBM25/PRPF19/PABPC1/PRPF40A/U2AF2/FMR1/PRMT5/HNRNPC/TSSC4/SF3A1/SF3B4/DDX17/PRPF40B/PRPF18/SNRNP70/RBM4/DDX23/TIA1/STRAP/PPWD1/DHX16/TRA2A/SRRM2/HNRNPH1/HNRNPUL1/HNRNPUL2/TFIP11/SNRPE/RALY/PRPF31",123
"GO:0000398","mRNA splicing, via spliceosome","123/2966","338/18986",0.363905325443787,2.32943577507611,10.6113148205177,3.93816677000334e-21,6.06674590919015e-18,5.41601566843091e-18,"SMU1/XAB2/HTATSF1/UPF3B/PSIP1/HNRNPU/ILF3/HNRNPM/HNRNPA1L2/RBM10/NCL/PRPF6/YTHDC1/CWC27/HNRNPH3/SF3B2/SART1/CIRBP/PRMT7/HNRNPA1/RBM17/HNRNPA3/IK/CD2BP2/PQBP1/C9orf78/PCBP4/GPKOW/DHX35/HNRNPL/PUF60/UPF3A/RNPS1/QKI/WDR83/UPF1/DAZAP1/SF3A2/CTNNBL1/RBM14/SRPK1/DHX38/RBM24/CASC3/SF1/DHX9/HNRNPK/RBMX2/CDC5L/SART3/SFPQ/ACIN1/DDX42/RBMX/SNRPA/DDX46/SNRNP27/NOVA1/PNN/HNRNPA2B1/KHDRBS1/PRPF38A/RBM39/SNRNP35/SNRNP200/PTBP2/RBM23/HNRNPR/LUC7L3/SYF2/CWF19L1/RBM5/DDX1/SNRPA1/METTL3/GPATCH1/SRPK3/ISY1/LUC7L/LSM7/CWC22/SF3B3/CLNS1A/RBM6/CWF19L2/CWC15/U2AF1/ZRSR2/LARP7/U2AF1L4/DDX5/RBM4B/SF3B1/RBM25/PRPF19/PABPC1/PRPF40A/U2AF2/FMR1/PRMT5/HNRNPC/TSSC4/SF3A1/SF3B4/DDX17/PRPF40B/PRPF18/SNRNP70/RBM4/DDX23/TIA1/STRAP/PPWD1/DHX16/TRA2A/SRRM2/HNRNPH1/HNRNPUL1/HNRNPUL2/TFIP11/SNRPE/RALY/PRPF31",123
"GO:0022613","ribonucleoprotein complex biogenesis","149/2966","492/18986",0.302845528455285,1.93857896266083,9.07606418776442,9.18852801456501e-17,1.13239419251499e-13,1.01093152429719e-13,"XAB2/HTATSF1/TBL3/PSIP1/NOC2L/RBM10/AATF/PRPF6/YTHDC1/PELP1/SURF6/SF3B2/SART1/PRMT7/KRI1/PWP2/CD2BP2/REXO4/MYBBP1A/RPL7/NVL/NOC4L/NOP58/DDX54/PA2G4/DHX30/PUF60/BMS1/NGDN/RPSA/RRP1/PDCD11/SF3A2/RPL13A/SRPK1/NOL6/LAS1L/RCL1/NOLC1/RPL7A/SF1/BOP1/DHX9/PPAN/RPS12/EIF3G/EIF2S2/WDR74/RPS27A/RPS7/MPHOSPH10/WDR75/PES1/RBMX2/DDX49/SART3/EXOSC7/GTPBP4/DDX51/PIN4/CHD7/DDX42/DDX27/MRM1/RRP15/DDX46/RBM34/EIF3CL/EXOSC2/FTSJ3/NHP2/SNRNP200/PTBP2/IMP4/WDR18/ISG20/RRS1/EXOSC5/EXOSC4/CDKN2A/EIF3A/LUC7L3/RPP30/RIOK1/RPS25/ERAL1/TSR2/MRPS2/NOL7/RPUSD1/RBM5/WBP11/DDX1/SNRPA1/RPL24/SRPK3/ISY1/LUC7L/EIF5B/RPS24/SIRT7/ESF1/EIF3L/SF3B3/CLNS1A/RRP9/RPL14/REXO1/BYSL/NPM1/ZRSR2/RPL11/DHX37/SF3B1/RPUSD2/PRPF19/RPL35/U2AF2/PRMT5/NOB1/RPS15/EIF3F/TSSC4/SF3A1/SF3B4/EXOSC6/NOP2/DDX17/EIF3B/PRPF18/EIF3H/ERCC2/NGRN/DDX23/RPL5/STRAP/MRTO4/RPL26/WDR46/USP36/TSC1/DHX29/KAT2B/SNRPE/RRN3/PRPF31/RPS9/FAU/HSP90AB1",149
"GO:0016072","rRNA metabolic process","94/2966","268/18986",0.350746268656716,2.24520183975604,8.83358612050376,2.70895398261032e-15,2.7820957401408e-12,2.48368307247746e-12,"TBL3/NCL/PELP1/SART1/KRI1/PWP2/GTF3C5/REXO4/POLR1E/RPL7/BRF1/NVL/NOC4L/SMARCA4/NOP58/DDX54/PA2G4/BMS1/NGDN/RRP1/PDCD11/SMARCB1/NOL6/LAS1L/RCL1/NOLC1/RPL7A/BOP1/PPAN/WDR74/GTF3C1/RPS7/MPHOSPH10/WDR75/PES1/DDX49/EXOSC7/GTPBP4/DDX51/PIN4/CHD7/DEDD2/DDX27/MRM1/TCOF1/RRP15/RBM34/EXOSC2/FTSJ3/NHP2/IMP4/WDR18/ISG20/RRS1/EXOSC5/EXOSC4/MAPT/CDKN2A/RPP30/RIOK1/POLR2E/RPS25/TSR2/NOL7/RPUSD1/WBP11/ERN2/RPS24/SIRT7/ESF1/DIS3L/RRP9/RPL14/GTF3C6/REXO1/BYSL/RPL11/DHX37/RPUSD2/RPL35/MTOR/NOB1/RPS15/EXOSC6/NOP2/DDX17/ERCC2/RPL5/MRTO4/RPL26/WDR46/USP36/KAT2B/GTF3C2",94
"GO:0002181","cytoplasmic translation","64/2966","165/18986",0.387878787878788,2.48289503259159,8.23172120864642,4.20505688623401e-13,3.70165150471057e-10,3.30460560713668e-10,"HNRNPU/PAIP1/RPL17/RPL18A/RPL12/GTPBP1/RPL7/RPSA/RPL13A/EEF1D/UNK/EIF2B5/RBM24/RPL7A/RPL6/HNRNPD/DHX9/RPS12/EIF3G/EIF2S2/RPS27A/RPS7/RPL3/RPL22/EIF2B4/RPL10/RPL4/RPL19/RPS10/EIF3CL/EIF3A/RPS25/RPL21/RPS18/IGF2BP1/METTL3/RPL24/RPL13/RPS24/EIF3L/RPL14/RPL11/PABPC1/RPLP1/RPL35/RPS2/MTOR/FMR1/RPS15/EIF3F/RPS20/EIF3B/EIF3H/RBM4/RPL5/RPL30/RPL26/RPL37/DHX29/RPL8/RPL18/RPS9/FAU/RPL15",64
"GO:0006364","rRNA processing","78/2966","225/18986",0.346666666666667,2.21908743537874,7.91512432331377,1.24931452017584e-12,9.6228450916544e-10,8.59068116110387e-10,"TBL3/PELP1/SART1/KRI1/PWP2/REXO4/RPL7/NVL/NOC4L/NOP58/DDX54/PA2G4/BMS1/NGDN/RRP1/PDCD11/NOL6/LAS1L/RCL1/NOLC1/RPL7A/BOP1/PPAN/WDR74/RPS7/MPHOSPH10/WDR75/PES1/DDX49/EXOSC7/GTPBP4/DDX51/PIN4/CHD7/DDX27/MRM1/RRP15/RBM34/EXOSC2/FTSJ3/NHP2/IMP4/WDR18/ISG20/RRS1/EXOSC5/EXOSC4/CDKN2A/RPP30/RIOK1/RPS25/TSR2/NOL7/RPUSD1/WBP11/RPS24/SIRT7/ESF1/RRP9/RPL14/REXO1/BYSL/RPL11/DHX37/RPUSD2/RPL35/NOB1/RPS15/EXOSC6/NOP2/DDX17/ERCC2/RPL5/MRTO4/RPL26/WDR46/USP36/KAT2B",78
"GO:0042254","ribosome biogenesis","98/2966","317/18986",0.309148264984227,1.97892412642972,7.56271533606853,4.70390469208497e-12,3.22060674584751e-09,2.87515858723229e-09,"TBL3/NOC2L/RBM10/AATF/PELP1/SURF6/SART1/KRI1/PWP2/REXO4/MYBBP1A/RPL7/NVL/NOC4L/NOP58/DDX54/PA2G4/DHX30/BMS1/NGDN/RPSA/RRP1/PDCD11/NOL6/LAS1L/RCL1/NOLC1/RPL7A/BOP1/PPAN/RPS12/WDR74/RPS27A/RPS7/MPHOSPH10/WDR75/PES1/DDX49/EXOSC7/GTPBP4/DDX51/PIN4/CHD7/DDX27/MRM1/RRP15/RBM34/EXOSC2/FTSJ3/NHP2/IMP4/WDR18/ISG20/RRS1/EXOSC5/EXOSC4/CDKN2A/RPP30/RIOK1/RPS25/ERAL1/TSR2/MRPS2/NOL7/RPUSD1/WBP11/RPL24/EIF5B/RPS24/SIRT7/ESF1/RRP9/RPL14/REXO1/BYSL/NPM1/RPL11/DHX37/RPUSD2/RPL35/NOB1/RPS15/EXOSC6/NOP2/DDX17/ERCC2/NGRN/RPL5/MRTO4/RPL26/WDR46/USP36/TSC1/DHX29/KAT2B/RRN3/RPS9/FAU",98
"GO:0009895","negative regulation of catabolic process","103/2966","367/18986",0.280653950953678,1.79652593149243,6.63001320691845,6.88780017944144e-10,4.24426247057182e-07,3.78901513029063e-07,"MET/HNRNPU/PAIP1/TSC2/EHMT2/SGTA/FUS/UBQLN4/RBM10/SIRT6/CIRBP/TARDBP/UBXN1/HFE/TIMP1/WDR6/USP5/TLK2/UPF3A/QKI/LZTS1/TRIM39/RNF5/MLST8/PTPN22/TRAF2/SECISBP2/RBM24/FXR1/HNRNPD/DHX9/HGF/RPS7/GRIN2C/DAB2IP/CLEC16A/OPHN1/HDAC6/IL10/SIRT2/MYD88/USP7/BANP/IGF2BP3/GIT1/ANGEL2/IKBKE/LEP/CNR1/EIF4ENIF1/USP30/TAF15/CDKN2A/TBC1D14/RRAGB/HDAC4/KLHL22/LAMP3/ELAVL1/LARP4B/RILP/IGF2BP1/HNRNPA0/HTRA2/APOBEC1/HMGCR/TRIM40/PTPN3/TRIM27/RGN/N4BP1/SF3B3/HMOX1/CSNK2A2/ANXA2/RPTOR/RPL11/SMARCC1/FOXK1/DFFB/CSNK2B/PABPC1/MTOR/NBAS/FOXK2/HNRNPC/SMAD4/TAF1/EIF3H/SNRNP70/WAC/RPL5/USP36/PINK1/SUFU/TSC1/PHF20L1/PARN/SLC7A5/RRAGD/LRPPRC/POLDIP2/HSP90AB1",103
"GO:0050684","regulation of mRNA processing","50/2966","136/18986",0.367647058823529,2.35338741025743,6.81546555616815,1.34010774453412e-09,7.50703992892661e-07,6.70182112242615e-07,"SMU1/UPF3B/HNRNPU/CDK11B/RBM10/NCL/SAFB/YTHDC1/CIRBP/HNRNPA1/PCBP4/IWS1/HNRNPL/PUF60/UPF3A/RNPS1/QKI/UPF1/SAFB2/DAZAP1/SRPK1/RBM24/SF1/DHX9/HNRNPK/ACIN1/SLTM/RBMX/NOVA1/HNRNPA2B1/KHDRBS1/RBM39/RBM23/CDK9/RBM5/SRPK3/CWC22/CLNS1A/LARP7/DDX5/RBM25/PRPF19/U2AF2/FMR1/PRMT5/DDX17/SNRNP70/RBM4/TIA1/TRA2A",50
"GO:0043484","regulation of RNA splicing","62/2966","190/18986",0.326315789473684,2.08881712034638,6.49020839014412,3.81378635449672e-09,1.85546222380321e-06,1.65644195862511e-06,"SMU1/UPF3B/HNRNPU/CDK11B/FUS/RBM10/NCL/YTHDC1/HNRNPH3/CIRBP/HNRNPA1/PQBP1/PCBP4/ZNF638/HNRNPL/PUF60/UPF3A/RNPS1/QKI/UPF1/DAZAP1/TADA2B/SRPK1/RBM24/SF1/HNRNPK/HABP4/TAF6L/AHNAK2/ACIN1/RBMX/NOVA1/HNRNPA2B1/KHDRBS1/RBM39/PTBP2/RBM23/ZNF326/RBM5/FAM50A/CWC22/KAT2A/SF3B3/CLNS1A/SUPT3H/LARP7/DDX5/RBM25/PRPF19/U2AF2/FMR1/PRMT5/TAF5L/DDX17/SNRNP70/RBM4/TIA1/TRA2A/CLK2/HNRNPH1/PIK3R1/KAT2B",62
"GO:0071826","protein-RNA complex organization","72/2966","234/18986",0.307692307692308,1.96960423258468,6.42152610475467,3.91447726540761e-09,1.85546222380321e-06,1.65644195862511e-06,"XAB2/HTATSF1/PSIP1/PRPF6/YTHDC1/SF3B2/SART1/PRMT7/PWP2/CD2BP2/NVL/DHX30/PUF60/RPSA/SF3A2/RPL13A/SRPK1/SF1/BOP1/DHX9/EIF3G/EIF2S2/RBMX2/SART3/DDX42/DDX46/EIF3CL/SNRNP200/PTBP2/RRS1/EIF3A/LUC7L3/ERAL1/DYRK3/TRIM21/RBM5/DDX1/SNRPA1/RPL24/SRPK3/ISY1/LUC7L/EIF3L/SF3B3/CLNS1A/ZRSR2/RPL11/SF3B1/PRPF19/KIF5B/U2AF2/VCP/PRMT5/RPS15/EIF3F/TSSC4/SF3A1/SF3B4/NOP2/EIF3B/PRPF18/EIF3H/DDX23/RPL5/STRAP/MRTO4/TFIP11/DHX29/SNRPE/PRPF31/FAU/HSP90AB1",72
"GO:0006282","regulation of DNA repair","69/2966","227/18986",0.303964757709251,1.94574338835733,6.16795247784212,1.42342566495499e-08,6.26510639103761e-06,5.59309964289834e-06,"BRD7/DMAP1/FUS/UBQLN4/VPS72/MAGEF1/SIRT6/TWIST1/MBTD1/PARP1/SMARCA4/SMARCC2/TADA2B/KAT5/TOP2B/SMARCB1/TERF2/TAF4/RECQL5/DHX9/XRCC1/BCL7A/TAF6L/HMGA2/KDM4D/EYA4/ACTR5/INO80D/SENP3/PARG/WDR48/SPIRE1/SIRT1/HSF1/UBE2V1/ZCWPW1/BRD8/INO80B/TERF2IP/PHF10/WRAP53/CDK9/DPF2/INO80/TAF5/MCRS1/SIRT7/SPIRE2/KAT2A/SF3B3/SMCHD1/SUPT3H/RNF126/SMARCC1/INO80E/SETD2/EP400/SMARCD1/OTUB1/RNF8/TMEM161A/DPF1/TRIM28/CREBBP/RTEL1/TAF5L/ARID1B/TFIP11/KAT2B",69
"GO:0048024","regulation of mRNA splicing, via spliceosome","42/2966","114/18986",0.368421052631579,2.3583419100685,6.25910418346981,2.53589667085798e-08,1.04174635238846e-05,9.30006736975705e-06,"SMU1/UPF3B/HNRNPU/RBM10/NCL/YTHDC1/CIRBP/HNRNPA1/PCBP4/HNRNPL/PUF60/UPF3A/RNPS1/QKI/UPF1/DAZAP1/SRPK1/RBM24/SF1/HNRNPK/ACIN1/RBMX/NOVA1/HNRNPA2B1/KHDRBS1/RBM39/RBM23/RBM5/CWC22/CLNS1A/LARP7/DDX5/RBM25/PRPF19/U2AF2/FMR1/PRMT5/DDX17/SNRNP70/RBM4/TIA1/TRA2A",42
"GO:0006913","nucleocytoplasmic transport","92/2966","340/18986",0.270588235294118,1.73209313394947,5.86101146008579,3.8182163836321e-08,1.38399113858477e-05,1.23554172265396e-05,"NUP133/CDKN1B/TSC2/DMAP1/RBM10/YTHDC1/SIRT6/EPM2A/HNRNPA1/RANBP3/TARDBP/PTGS2/IWS1/AXIN1/DDX19B/HTATIP2/UPF1/PPP1R10/PABPN1/NOL6/NOTCH1/CASC3/DDX19A/DHX9/ANGPT1/FRAT2/AKAP8L/CD36/XPO6/ANP32A/STRADA/PTPN14/RANBP17/RPAIN/LZTS2/HNRNPA2B1/KHDRBS1/FRAT1/CDAN1/LEP/BCL3/EIF4ENIF1/FAM53B/SMG7/ZC3H12A/RGS14/NUP62CL/TNPO2/IPO9/CDKN2A/NUP214/ANP32B/AAAS/UPF2/SSB/ELAVL1/CCHCR1/IPO13/POLDIP3/NXF3/RANBP1/SIRT7/PTPN11/CPSF6/TPR/NPM1/SMG6/NXF1/SUMO1/CAMK1/THOC1/SETD2/FERMT1/YWHAE/FMR1/SMG5/XPO5/TRIM28/EFCAB7/RPS15/APPL1/RANBP6/RANGAP1/RBM4/NUP43/PHB2/MCM3AP/SUFU/PIK3R1/TSC1/THOC2/PIK3R2",92
"GO:0051169","nuclear transport","92/2966","340/18986",0.270588235294118,1.73209313394947,5.86101146008579,3.8182163836321e-08,1.38399113858477e-05,1.23554172265396e-05,"NUP133/CDKN1B/TSC2/DMAP1/RBM10/YTHDC1/SIRT6/EPM2A/HNRNPA1/RANBP3/TARDBP/PTGS2/IWS1/AXIN1/DDX19B/HTATIP2/UPF1/PPP1R10/PABPN1/NOL6/NOTCH1/CASC3/DDX19A/DHX9/ANGPT1/FRAT2/AKAP8L/CD36/XPO6/ANP32A/STRADA/PTPN14/RANBP17/RPAIN/LZTS2/HNRNPA2B1/KHDRBS1/FRAT1/CDAN1/LEP/BCL3/EIF4ENIF1/FAM53B/SMG7/ZC3H12A/RGS14/NUP62CL/TNPO2/IPO9/CDKN2A/NUP214/ANP32B/AAAS/UPF2/SSB/ELAVL1/CCHCR1/IPO13/POLDIP3/NXF3/RANBP1/SIRT7/PTPN11/CPSF6/TPR/NPM1/SMG6/NXF1/SUMO1/CAMK1/THOC1/SETD2/FERMT1/YWHAE/FMR1/SMG5/XPO5/TRIM28/EFCAB7/RPS15/APPL1/RANBP6/RANGAP1/RBM4/NUP43/PHB2/MCM3AP/SUFU/PIK3R1/TSC1/THOC2/PIK3R2",92
"GO:0022618","protein-RNA complex assembly","67/2966","225/18986",0.297777777777778,1.9061392073125,5.8832568296295,5.56501692333942e-08,1.90509079342319e-05,1.70074727727321e-05,"XAB2/HTATSF1/PSIP1/PRPF6/YTHDC1/SF3B2/SART1/PRMT7/PWP2/CD2BP2/NVL/DHX30/PUF60/RPSA/SF3A2/RPL13A/SRPK1/SF1/BOP1/DHX9/EIF3G/EIF2S2/RBMX2/SART3/DDX42/DDX46/EIF3CL/SNRNP200/PTBP2/RRS1/EIF3A/LUC7L3/ERAL1/RBM5/DDX1/SNRPA1/RPL24/SRPK3/ISY1/LUC7L/EIF3L/SF3B3/CLNS1A/ZRSR2/RPL11/SF3B1/PRPF19/U2AF2/PRMT5/RPS15/EIF3F/TSSC4/SF3A1/SF3B4/NOP2/EIF3B/PRPF18/EIF3H/DDX23/RPL5/STRAP/MRTO4/DHX29/SNRPE/PRPF31/FAU/HSP90AB1",67
"GO:0006352","DNA-templated transcription initiation","63/2966","209/18986",0.301435406698565,1.92955247187422,5.81424821499663,8.37549133682885e-08,2.71630408513365e-05,2.42494835048574e-05,"BRD7/POLRMT/NFKBIZ/NOC2L/VPS72/UBTF/USP21/GTF3C5/TWIST1/POLR1E/BRF1/SMARCA4/HEY2/MED24/SPHK2/SMARCB1/RBM14/GLYR1/POLR3H/TAF4/THRA/GTF2F1/GTF3C1/MED25/TAF6L/TBP/PHF2/TAF9B/TET1/CTNNBIP1/MED22/APOBEC3C/BCLAF1/WDR5/APEX1/GTF2F2/FOSL1/TAF1C/MED16/MYOCD/NKX2-5/CDK9/APOBEC1/TAF5/ESR1/ZNF451/ATAD2B/MAZ/PAAF1/MDC1/SIRT7/NCOA6/PSMC6/SMARCD1/TFAM/TAF1/ERCC2/MED29/ARID1B/ERCC3/ASH2L/KAT2B/RRN3",63
"GO:0033044","regulation of chromosome organization","73/2966","258/18986",0.282945736434109,1.81119614023533,5.64481413237729,1.42855767390544e-07,4.40138619330267e-05,3.92928547569992e-05,"BRD7/HNRNPU/ANAPC2/SIRT6/HNRNPA1/ACD/IK/MAP2K7/SRC/NCAPH2/NVL/PARP1/SMARCA4/NSMCE4A/SMARCC2/EID3/UPF1/PPP1R10/CTCF/KAT5/SMARCB1/TERF2/HNRNPD/XRCC1/BCL7A/MORC2/ACTR5/INO80D/SETDB1/CCT3/SENP6/CDK5RAP2/NUMA1/USP7/SIRT1/ANAPC5/HNRNPA2B1/NEK6/PKIB/MAPT/INO80B/TERF2IP/KLHL22/PHF10/WRAP53/MAD1L1/DPF2/INO80/USP44/CCT7/ATF7IP2/MCRS1/BUB3/HDAC8/TPR/SMG6/SMARCC1/INO80E/SMARCD1/DPF1/SMG5/TRIM28/HNRNPC/RTEL1/TERF1/ARID1B/YLPM1/KAT2B/PARN/ANAPC7/NSMCE1/RAD21/GNL3",73
"GO:0051168","nuclear export","54/2966","173/18986",0.312138728323699,1.99806672149486,5.67431207249507,1.97327852606125e-07,5.79016298932828e-05,5.16909953744164e-05,"NUP133/CDKN1B/RBM10/YTHDC1/SIRT6/HNRNPA1/RANBP3/IWS1/DDX19B/UPF1/PABPN1/NOL6/CASC3/DDX19A/DHX9/FRAT2/AKAP8L/XPO6/STRADA/PTPN14/RANBP17/LZTS2/HNRNPA2B1/KHDRBS1/FRAT1/EIF4ENIF1/SMG7/CDKN2A/NUP214/ANP32B/UPF2/SSB/CCHCR1/POLDIP3/NXF3/SIRT7/PTPN11/CPSF6/TPR/NPM1/SMG6/NXF1/CAMK1/THOC1/SETD2/YWHAE/FMR1/SMG5/XPO5/RPS15/RANGAP1/MCM3AP/TSC1/THOC2",54
"GO:0000956","nuclear-transcribed mRNA catabolic process","42/2966","124/18986",0.338709677419355,2.16815304635329,5.61534360971138,3.81766697413587e-07,0.000106929381339206,9.54599407025553e-05,"UPF3B/HNRNPU/PAIP1/EDC4/DIS3L2/UPF3A/RNPS1/UPF1/MTPAP/TESK1/SECISBP2/CASC3/HNRNPD/DHX9/EXOSC7/TNRC6C/ZCCHC7/EXOSC2/EXOSC5/EXOSC4/EIF4ENIF1/SMG7/ZC3H12A/UPF2/SSB/EDC3/IGF2BP1/APOBEC1/CNOT6/LSM7/RC3H1/SMG6/DDX5/TNRC6B/PABPC1/NBAS/SMG5/EXOSC6/MRTO4/PAN2/PARN/TNRC6A",42
"GO:0051054","positive regulation of DNA metabolic process","79/2966","295/18986",0.267796610169492,1.71422334480039,5.31971540192851,5.38553655171564e-07,0.000144285548833355,0.000128809217479478,"BRD7/CDKN1B/DMAP1/GFER/FUS/VPS72/SIRT6/HNRNPA1/ACD/MAP2K7/NVL/MBTD1/PARP1/SMARCA4/SMARCC2/PPP1R10/KAT5/TOP2B/SMARCB1/TERF2/NOX4/HNRNPD/DHX9/XRCC1/BCL7A/CLCF1/HGF/STAT6/KDM4D/EYA4/ACTR5/INO80D/CCT3/CIZ1/WDR48/TNFSF13/SPIRE1/SIRT1/TNFSF4/E2F7/HSF1/HNRNPA2B1/PKIB/ZCWPW1/PTK6/BRD8/INO80B/TERF2IP/CD28/CHTF18/PHF10/IL6/WRAP53/DPF2/INO80/CCT7/MCRS1/SPIRE2/SMCHD1/RNF126/SMARCC1/INO80E/EP400/SMARCD1/RNF8/TMEM161A/DPF1/TRIM28/CREBBP/RTEL1/EXOSC6/TERF1/ERCC2/ENDOG/VEGFA/ARID1B/PMS2/PARN/GNL3",79
"GO:0018205","peptidyl-lysine modification","46/2966","143/18986",0.321678321678322,2.05913169770216,5.47019210883857,5.94687688053361e-07,0.000152686063907701,0.000136308677972231,"EHMT2/LOX/GCSH/NSMCE4A/EID3/KAT5/EHMT1/LIAS/SUMO2/SENP6/SENP3/HDAC6/VPS33B/SIRT2/ESCO1/SIRT1/SETD6/PLOD2/SUMO1P1/SMYD2/CDKN2A/HDAC4/SETD4/ZMIZ2/ZNF451/LOXL2/TRIM27/SOX4/TOPORS/SIRT7/KAT2A/DOHH/ZMIZ1/CBX4/HMG20A/SUMO1/DIP2B/SETD2/TRIM28/CREBBP/DIP2A/SENP7/RANGAP1/KAT2B/NSMCE1/GNL3",46
"GO:0006403","RNA localization","59/2966","204/18986",0.28921568627451,1.85133142940251,5.26020234762411,9.90177424053618e-07,0.000244058931480736,0.000217880724972809,"NUP133/UPF3B/HNRNPU/HNRNPA1L2/PRPF6/YTHDC1/RFTN2/HNRNPA1/NOP58/IWS1/DDX19B/UPF3A/QKI/UPF1/PABPN1/NOL6/FUBP3/FXR1/CASC3/DDX19A/DHX9/KHSRP/FXR2/AKAP8L/CCT3/BICD1/ZC3H3/IGF2BP3/HSF1/RANBP17/HNRNPA2B1/KHDRBS1/PUM2/NHP2/SMG7/NUP214/AAAS/UPF2/SSB/POLDIP3/WRAP53/IGF2BP1/NXF3/CCT7/CPSF6/TPR/SMG6/NXF1/THOC1/SETD2/FMR1/SMG5/XPO5/TERF1/NUP43/MCM3AP/PARN/THOC2/LRPPRC",59
"GO:0032204","regulation of telomere maintenance","38/2966","112/18986",0.339285714285714,2.17184038146614,5.35186455593691,1.28154975307466e-06,0.000303727291478693,0.000271148947755795,"HNRNPU/SIRT6/HNRNPA1/ACD/MAP2K7/SRC/NVL/PARP1/NSMCE4A/EID3/UPF1/PPP1R10/TERF2/HNRNPD/XRCC1/ACTR5/INO80D/CCT3/USP7/HNRNPA2B1/PKIB/INO80B/TERF2IP/WRAP53/INO80/CCT7/MCRS1/HDAC8/SMG6/INO80E/SMG5/HNRNPC/RTEL1/TERF1/YLPM1/PARN/NSMCE1/GNL3",38
"GO:0010507","negative regulation of autophagy","34/2966","96/18986",0.354166666666667,2.26709653854799,5.35536357392369,1.51076216891459e-06,0.000344789499438953,0.000307806748333242,"MET/TSC2/EHMT2/UBQLN4/WDR6/TLK2/LZTS1/RNF5/MLST8/PTPN22/HGF/CLEC16A/HDAC6/IL10/SIRT2/LEP/USP30/TBC1D14/RRAGB/KLHL22/HTRA2/TRIM27/HMOX1/RPTOR/FOXK1/MTOR/FOXK2/SNRNP70/USP36/PINK1/TSC1/SLC7A5/RRAGD/POLDIP2",34
"GO:1903312","negative regulation of mRNA metabolic process","35/2966","103/18986",0.339805825242718,2.17516972287871,5.14568655178018,3.18398816723851e-06,0.000700704824518703,0.000625545945939415,"HNRNPU/PAIP1/FUS/RBM10/CIRBP/TARDBP/PCBP4/UPF3A/RNPS1/QKI/TRAF2/SECISBP2/RBM24/FXR1/HNRNPD/DHX9/HNRNPK/ACIN1/RBMX/MYD88/IGF2BP3/HNRNPA2B1/ANGEL2/IKBKE/EIF4ENIF1/TAF15/ELAVL1/LARP4B/IGF2BP1/HNRNPA0/APOBEC1/PABPC1/NBAS/U2AF2/HNRNPC",35
"GO:0045739","positive regulation of DNA repair","43/2966","138/18986",0.311594202898551,1.99458109785296,5.04552922435885,3.49438730552237e-06,0.000742497054366511,0.000662855464924134,"BRD7/DMAP1/FUS/VPS72/SIRT6/MBTD1/PARP1/SMARCA4/SMARCC2/KAT5/TOP2B/SMARCB1/DHX9/XRCC1/BCL7A/KDM4D/EYA4/ACTR5/INO80D/WDR48/SPIRE1/SIRT1/ZCWPW1/BRD8/INO80B/PHF10/WRAP53/DPF2/INO80/MCRS1/SPIRE2/SMCHD1/RNF126/SMARCC1/INO80E/EP400/SMARCD1/RNF8/TMEM161A/DPF1/TRIM28/CREBBP/ARID1B",43
"GO:0045815","transcription initiation-coupled chromatin remodeling","22/2966","52/18986",0.423076923076923,2.70820581980393,5.3073814329752,3.82187700689848e-06,0.000785013537216948,0.000700811552212332,"BRD7/NOC2L/VPS72/USP21/SMARCA4/SPHK2/SMARCB1/RBM14/GLYR1/PHF2/TET1/APOBEC3C/WDR5/APEX1/MYOCD/APOBEC1/ATAD2B/SIRT7/SMARCD1/ARID1B/ASH2L/KAT2B",22
"GO:0141137","positive regulation of gene expression, epigenetic","23/2966","56/18986",0.410714285714286,2.62906993545901,5.25312885184522,4.26148261629339e-06,0.000847072770374189,0.000756214198735118,"BRD7/NOC2L/VPS72/USP21/SMARCA4/SPHK2/SMARCB1/RBM14/GLYR1/PHF2/TET1/APOBEC3C/WDR5/APEX1/MYOCD/APOBEC1/ATAD2B/SIRT7/SMARCD1/ALKBH4/ARID1B/ASH2L/KAT2B",23
"GO:0042273","ribosomal large subunit biogenesis","25/2966","64/18986",0.390625,2.50047412339852,5.17362082739556,4.87813797722338e-06,0.000939346444239076,0.000838590429900308,"NOC2L/SURF6/RPL7/NVL/DHX30/LAS1L/RPL7A/BOP1/PPAN/WDR74/PES1/GTPBP4/RRP15/RBM34/FTSJ3/RRS1/RPL24/RPL14/NPM1/RPL11/RPL35/NOP2/RPL5/MRTO4/RPL26",25
"GO:0046822","regulation of nucleocytoplasmic transport","38/2966","118/18986",0.322033898305085,2.06140781969668,4.97645373580405,5.33034014147856e-06,0.000995319877326996,0.000888560050378531,"DMAP1/RBM10/SIRT6/EPM2A/TARDBP/PTGS2/IWS1/DHX9/ANGPT1/FRAT2/AKAP8L/CD36/PTPN14/KHDRBS1/FRAT1/LEP/ZC3H12A/CDKN2A/NUP214/ANP32B/AAAS/SIRT7/PTPN11/CPSF6/TPR/SUMO1/CAMK1/SETD2/FERMT1/YWHAE/TRIM28/EFCAB7/RANGAP1/RBM4/SUFU/PIK3R1/THOC2/PIK3R2",38
"GO:2000779","regulation of double-strand break repair","44/2966","145/18986",0.303448275862069,1.94243727765248,4.90167035183842,5.85899899478012e-06,0.00106185740605397,0.000947960642313341,"BRD7/DMAP1/FUS/UBQLN4/VPS72/MAGEF1/SIRT6/TWIST1/MBTD1/PARP1/SMARCA4/SMARCC2/KAT5/TOP2B/SMARCB1/RECQL5/BCL7A/HMGA2/KDM4D/SENP3/WDR48/SPIRE1/SIRT1/HSF1/ZCWPW1/BRD8/TERF2IP/PHF10/WRAP53/DPF2/SPIRE2/SMCHD1/RNF126/SMARCC1/SETD2/EP400/SMARCD1/OTUB1/RNF8/DPF1/CREBBP/RTEL1/ARID1B/TFIP11",44
"GO:1901796","regulation of signal transduction by p53 class mediator","36/2966","110/18986",0.327272727272727,2.09494268374916,4.95555570642447,6.18573015020407e-06,0.00108904197673021,0.00097222934631478,"TWIST1/STK11/SNAI1/MORN3/PLA2R1/ING4/BOP1/HNRNPK/RPS7/BDKRB2/SNAI2/TAF9B/USP7/SIRT1/RRS1/SMYD2/ANKRD1/CDKN2A/ELL3/DYRK3/MAP2K6/SOX4/RPL11/DDX5/MTOR/PRMT5/RPS15/RPS20/NOP2/TAF1/RPL5/RPL26/USP2/RPL37/HEXIM1/RRN3",36
"GO:0045785","positive regulation of cell adhesion","115/2966","499/18986",0.230460921843687,1.47522962310325,4.62892532476296,6.98858487210779e-06,0.00118787110442889,0.00106045788136889,"BRD7/NFKBIZ/EGFLAM/IL7/GCNT1/CD70/SART1/SOX2/SRC/LAMB1/RAC3/SMARCA4/VAV3/EFNB2/CR1/SMARCC2/SOX12/KAT5/SMARCB1/EGFL6/TESK1/DPP4/ANGPT1/IBSP/PLAUR/CD5/SAA1/MYADM/XCL1/CD36/TNFSF14/FMN1/ICOS/IL10/CCL5/CD274/RAG1/TNFSF9/CHST4/TNFSF4/MFSD2B/IGFBP2/SOCS1/SIRPG/KLHL25/AP3D1/SKAP1/RNASE10/CAV1/IL1RL2/MAP3K8/TNFRSF18/FOXC2/LEP/CD55/IL2RA/ITGA3/TNFSF11/F11R/NKAP/NRP1/IL7R/EFEMP2/LGALS1/CD28/KLHL22/PHF10/ANXA1/CD27/IL6/MAP4K4/MDK/ARHGEF7/NOD2/EPHA1/ITGA5/LAMC1/COL8A1/FUT3/LAMA2/SOX4/STX3/ZMIZ1/MYO10/PTPN11/ITGA4/SMARCC1/CCL2/CSK/SMARCD1/PDPN/FERMT1/MTOR/RUNX1/FN1/IL4R/TJP1/NPNT/EPB41L5/BRD2/CSPG5/LYN/VEGFA/ARID1B/BMI1/CHST2/TSC1/HSPD1/RIN2/PTPN23/SLC7A1/TRIOBP/PIK3R2/POLDIP2/CRKL",115
"GO:1900180","regulation of protein localization to nucleus","44/2966","146/18986",0.301369863013699,1.92913291273705,4.84923734688101,7.13262428819681e-06,0.00118787110442889,0.00106045788136889,"DMAP1/SIRT6/EPM2A/TARDBP/SRC/NVL/PTGS2/PARP1/STK11/TESK1/TCF7L2/ANGPT1/CCT3/CD36/NF2/LZTS2/LEP/MAGED1/F2/ZC3H12A/CDKN2A/GLIS2/CCT7/TRIM40/ORMDL3/MCRS1/TRIM8/MEPCE/BYSL/TPR/RASSF5/LARP7/DCLK2/SUMO1/FERMT1/MTOR/TRIM28/EFCAB7/CREBBP/WWTR1/SUFU/PIK3R1/PIK3R2/MARK3",44
"GO:2000781","positive regulation of double-strand break repair","32/2966","94/18986",0.340425531914894,2.17913659775326,4.93115547487537,7.92654361703306e-06,0.00128535162547784,0.00114748246378434,"BRD7/DMAP1/FUS/VPS72/SIRT6/MBTD1/PARP1/SMARCA4/SMARCC2/KAT5/TOP2B/SMARCB1/BCL7A/KDM4D/WDR48/SPIRE1/SIRT1/ZCWPW1/BRD8/PHF10/WRAP53/DPF2/SPIRE2/SMCHD1/RNF126/SMARCC1/EP400/SMARCD1/RNF8/DPF1/CREBBP/ARID1B",32
"GO:0040029","epigenetic regulation of gene expression","75/2966","295/18986",0.254237288135593,1.62742722607632,4.67323604366405,8.16936066525832e-06,0.00129075898511082,0.00115230982015223,"BRD7/HNRNPU/NOC2L/EHMT2/VPS72/YTHDC1/SIRT6/SAMD1/PRMT7/USP21/MBD3/SMARCA4/MBD1/AXIN1/CTCF/SPHK2/DIRAS3/SMARCB1/CBX5/RBM14/GLYR1/MTA1/HDAC5/SMYD5/HNRNPK/MORC2/HMGA2/EHMT1/PHF2/MTA2/SETDB1/CIZ1/HDAC6/TET1/DNMT3L/SIRT2/APOBEC3C/USP7/SIRT1/ZNF445/ARID4B/CDYL/WDR5/APEX1/SPEN/HDAC4/MYOCD/DDB1/JARID2/APOBEC1/PHF1/METTL3/ATAD2B/TRIM27/ATF7IP2/SIRT7/HDAC8/SMCHD1/TPR/CREBZF/EZH1/SMARCD1/ALKBH4/RNF8/PRMT5/TRIM28/MSL2/CBX1/ARID1B/BAHD1/DOT1L/BMI1/DNMT1/ASH2L/KAT2B",75
"GO:0048863","stem cell differentiation","66/2966","251/18986",0.262948207171315,1.68318768083432,4.68823806649101,8.63327943312744e-06,0.00132995669667328,0.00118730311361905,"HNRNPU/SIRT6/CHD4/SOX8/TWIST1/MBD3/GREM1/RDH10/KAT5/GATAD2B/NOTCH1/MTA1/RBM24/NOLC1/ZIC3/LRP6/SMYD5/SOX6/RPS7/SETD1A/HMGA2/FRZB/MTA2/MTA3/SNAI2/DNMT3L/HES5/MLLT3/TCOF1/BBS12/SETD6/NRTN/FOXC2/SP7/TRIM6/FOLR1/TAPT1/NRP1/SEMA3E/ELL3/MYOCD/NKX2-5/OTUD5/JARID2/EDNRB/WNT3/HOXB4/METTL3/ESR1/SEMA3F/NOG/KDM4C/CHD2/FOXO4/SEMA4G/SEMA4C/PAX6/SETD2/ACE/FN1/SLC9A1/SMAD4/GATAD2A/ERCC2/CHD3/PUM1",66
"GO:0051236","establishment of RNA localization","48/2966","167/18986",0.287425149700599,1.83986982205515,4.69063413011652,1.16896464156517e-05,0.00168575245171613,0.00150493556648875,"NUP133/UPF3B/HNRNPA1L2/YTHDC1/RFTN2/HNRNPA1/IWS1/DDX19B/UPF3A/QKI/UPF1/PABPN1/NOL6/FXR1/CASC3/DDX19A/DHX9/KHSRP/FXR2/AKAP8L/ZC3H3/IGF2BP3/HSF1/RANBP17/HNRNPA2B1/KHDRBS1/SMG7/NUP214/AAAS/UPF2/SSB/POLDIP3/IGF2BP1/NXF3/CPSF6/TPR/SMG6/NXF1/THOC1/SETD2/FMR1/SMG5/XPO5/TERF1/NUP43/MCM3AP/THOC2/LRPPRC",48
"GO:0051028","mRNA transport","41/2966","135/18986",0.303703703703704,1.94407232586599,4.7365766842477,1.1729076702992e-05,0.00168575245171613,0.00150493556648875,"NUP133/UPF3B/HNRNPA1L2/YTHDC1/HNRNPA1/IWS1/DDX19B/UPF3A/QKI/UPF1/PABPN1/FXR1/CASC3/DDX19A/DHX9/KHSRP/FXR2/AKAP8L/ZC3H3/IGF2BP3/HSF1/RANBP17/HNRNPA2B1/SMG7/NUP214/AAAS/UPF2/POLDIP3/IGF2BP1/NXF3/TPR/SMG6/NXF1/THOC1/SETD2/FMR1/SMG5/NUP43/MCM3AP/THOC2/LRPPRC",41
"GO:0019058","viral life cycle","80/2966","323/18986",0.247678018575851,1.58543993954185,4.56617443960913,1.17636084751369e-05,0.00168575245171613,0.00150493556648875,"LRRC15/CTBP2/ILF3/CTSB/PTX3/SRC/VPS4A/EFNB2/CR1/LTF/LRSAM1/RPSA/TOP2B/SMARCB1/SRPK1/NOTCH1/CTBP1/DPP4/MORC2/CLDN1/HMGA2/TRIM11/SETDB1/CAV2/PCSK5/CHMP6/CCL5/RAD23A/APOBEC3C/CAV1/TRIM6/BTBD17/CHMP4C/CD55/TRIM34/ISG20/F11R/NRP1/ZC3H12A/CXCR6/LGALS1/CD28/INPP5K/DDB1/LAMP3/TRIM21/VPS28/NCAM1/NUCKS1/ITGA5/TRIM62/ANPEP/CCR5/FCN1/TRIM8/RAB43/N4BP1/NFIA/IFIT5/APOBEC3G/DDX6/CHMP7/VAPA/DDX5/CCL2/CXCR4/CSNK2B/PABPC1/VCP/FMR1/TRIM28/VPS37D/WWP2/CHMP4B/APOE/PCBP2/SLC7A1/PC/CHMP1A/HSP90AB1",80
"GO:0031330","negative regulation of cellular catabolic process","38/2966","122/18986",0.311475409836066,1.99382067806728,4.73838853028494,1.27235873098569e-05,0.00176973703809164,0.00157991181281999,"MET/TSC2/EHMT2/UBQLN4/TIMP1/WDR6/TLK2/LZTS1/RNF5/MLST8/PTPN22/HGF/CLEC16A/HDAC6/IL10/SIRT2/LEP/CNR1/USP30/TBC1D14/RRAGB/KLHL22/HTRA2/PTPN3/TRIM27/HMOX1/ANXA2/RPTOR/FOXK1/MTOR/FOXK2/SNRNP70/USP36/PINK1/TSC1/SLC7A5/RRAGD/POLDIP2",38
"GO:0030198","extracellular matrix organization","83/2966","339/18986",0.244837758112094,1.5672588251909,4.53457138470625,1.29240776881084e-05,0.00176973703809164,0.00157991181281999,"EGFLAM/FMOD/LOX/COL24A1/PTX3/LUM/MMP10/COL15A1/COL5A1/LAMB1/COL12A1/PPARG/GREM1/EGFL6/LOXL4/POMT1/NOTCH1/NR2E1/DPP4/COL13A1/LOXL1/IBSP/APBB2/COL3A1/COL1A2/POSTN/MMP8/TNFRSF11B/COL5A2/CAV2/MMP7/ADAMTS18/VPS33B/ITGA8/ADAMTSL4/DPT/SPINT1/ADAMTS2/ADAMTS3/FBLN5/COL10A1/MMP9/CAV1/FOXC2/COL11A2/PLOD2/SMOC1/MMP11/CTSK/BCL3/CLASP2/EFEMP2/POMT2/IL6/COL1A1/ADAMTS14/LAMC1/MMP21/OLFML2A/CMA1/GFOD2/LOXL2/COL8A1/LAMA2/ADAMTSL2/CREB3L1/NID2/SERPINH1/SMPD3/ANXA2/DDR1/SLC39A8/PDPN/FERMT1/RUNX1/CLASP1/NPNT/SMAD4/SLC2A10/ERCC2/MMP15/ST7/SULF2",83
"GO:0043062","extracellular structure organization","83/2966","340/18986",0.244117647058824,1.56264924041093,4.50447285069698,1.45218777338243e-05,0.00194530023034403,0.00173664377658961,"EGFLAM/FMOD/LOX/COL24A1/PTX3/LUM/MMP10/COL15A1/COL5A1/LAMB1/COL12A1/PPARG/GREM1/EGFL6/LOXL4/POMT1/NOTCH1/NR2E1/DPP4/COL13A1/LOXL1/IBSP/APBB2/COL3A1/COL1A2/POSTN/MMP8/TNFRSF11B/COL5A2/CAV2/MMP7/ADAMTS18/VPS33B/ITGA8/ADAMTSL4/DPT/SPINT1/ADAMTS2/ADAMTS3/FBLN5/COL10A1/MMP9/CAV1/FOXC2/COL11A2/PLOD2/SMOC1/MMP11/CTSK/BCL3/CLASP2/EFEMP2/POMT2/IL6/COL1A1/ADAMTS14/LAMC1/MMP21/OLFML2A/CMA1/GFOD2/LOXL2/COL8A1/LAMA2/ADAMTSL2/CREB3L1/NID2/SERPINH1/SMPD3/ANXA2/DDR1/SLC39A8/PDPN/FERMT1/RUNX1/CLASP1/NPNT/SMAD4/SLC2A10/ERCC2/MMP15/ST7/SULF2",83
"GO:0050657","nucleic acid transport","47/2966","164/18986",0.286585365853659,1.83449418614213,4.61819187662533,1.55979277873666e-05,0.00200238397970318,0.00178760461878898,"NUP133/UPF3B/HNRNPA1L2/YTHDC1/RFTN2/HNRNPA1/IWS1/DDX19B/UPF3A/QKI/UPF1/PABPN1/NOL6/FXR1/CASC3/DDX19A/DHX9/KHSRP/FXR2/AKAP8L/ZC3H3/IGF2BP3/HSF1/RANBP17/HNRNPA2B1/KHDRBS1/SMG7/NUP214/AAAS/UPF2/SSB/POLDIP3/IGF2BP1/NXF3/CPSF6/TPR/SMG6/NXF1/THOC1/SETD2/FMR1/SMG5/XPO5/NUP43/MCM3AP/THOC2/LRPPRC",47
"GO:0050658","RNA transport","47/2966","164/18986",0.286585365853659,1.83449418614213,4.61819187662533,1.55979277873666e-05,0.00200238397970318,0.00178760461878898,"NUP133/UPF3B/HNRNPA1L2/YTHDC1/RFTN2/HNRNPA1/IWS1/DDX19B/UPF3A/QKI/UPF1/PABPN1/NOL6/FXR1/CASC3/DDX19A/DHX9/KHSRP/FXR2/AKAP8L/ZC3H3/IGF2BP3/HSF1/RANBP17/HNRNPA2B1/KHDRBS1/SMG7/NUP214/AAAS/UPF2/SSB/POLDIP3/IGF2BP1/NXF3/CPSF6/TPR/SMG6/NXF1/THOC1/SETD2/FMR1/SMG5/XPO5/NUP43/MCM3AP/THOC2/LRPPRC",47
"GO:1902373","negative regulation of mRNA catabolic process","28/2966","80/18986",0.35,2.24042481456507,4.7838244108244,1.59315693694263e-05,0.00200347613172255,0.00178857962458909,"HNRNPU/PAIP1/FUS/RBM10/CIRBP/TARDBP/UPF3A/QKI/TRAF2/SECISBP2/RBM24/FXR1/HNRNPD/DHX9/MYD88/IGF2BP3/ANGEL2/IKBKE/EIF4ENIF1/TAF15/ELAVL1/LARP4B/IGF2BP1/HNRNPA0/APOBEC1/PABPC1/NBAS/HNRNPC",28
"GO:0045229","external encapsulating structure organization","83/2966","341/18986",0.243401759530792,1.55806669131882,4.47447118796015,1.63019385322433e-05,0.00200905090471367,0.00179355643725271,"EGFLAM/FMOD/LOX/COL24A1/PTX3/LUM/MMP10/COL15A1/COL5A1/LAMB1/COL12A1/PPARG/GREM1/EGFL6/LOXL4/POMT1/NOTCH1/NR2E1/DPP4/COL13A1/LOXL1/IBSP/APBB2/COL3A1/COL1A2/POSTN/MMP8/TNFRSF11B/COL5A2/CAV2/MMP7/ADAMTS18/VPS33B/ITGA8/ADAMTSL4/DPT/SPINT1/ADAMTS2/ADAMTS3/FBLN5/COL10A1/MMP9/CAV1/FOXC2/COL11A2/PLOD2/SMOC1/MMP11/CTSK/BCL3/CLASP2/EFEMP2/POMT2/IL6/COL1A1/ADAMTS14/LAMC1/MMP21/OLFML2A/CMA1/GFOD2/LOXL2/COL8A1/LAMA2/ADAMTSL2/CREB3L1/NID2/SERPINH1/SMPD3/ANXA2/DDR1/SLC39A8/PDPN/FERMT1/RUNX1/CLASP1/NPNT/SMAD4/SLC2A10/ERCC2/MMP15/ST7/SULF2",83
"GO:1903311","regulation of mRNA metabolic process","95/2966","406/18986",0.233990147783251,1.49782095273527,4.36287682369576,2.27656331394559e-05,0.0027506241452025,0.00245558717826206,"SMU1/UPF3B/HNRNPU/PAIP1/CDK11B/FUS/RBM10/NCL/SAFB/YTHDC1/CIRBP/GTPBP1/HNRNPA1/TARDBP/PCBP4/DIS3L2/IWS1/HNRNPL/PUF60/UPF3A/RNPS1/QKI/UPF1/SAFB2/DAZAP1/CSDC2/SRPK1/ZC3H12D/TRAF2/SECISBP2/RBM24/FXR1/CASC3/SF1/HNRNPD/DHX9/HNRNPK/KHSRP/FXR2/ACIN1/FASTKD1/SLTM/RBMX/MYD88/TNRC6C/IGF2BP3/NOVA1/HNRNPA2B1/KHDRBS1/PUM2/ANGEL2/IKBKE/RBM39/RBM23/APEX1/EIF4ENIF1/ZC3H12A/TAF15/ELAVL1/LARP4B/CDK9/RBM5/IGF2BP1/HNRNPA0/APOBEC1/CNOT6/METTL3/SRPK3/CWC22/RC3H1/CLNS1A/NPM1/LARP7/DDX5/TNRC6B/RBM25/CACNG7/PRPF19/PABPC1/NBAS/U2AF2/FMR1/PRMT5/HNRNPC/DDX17/SNRNP70/RBM4/TIA1/PUM1/TRA2A/PAN2/PARN/FTO/GIGYF2/TNRC6A",95
"GO:0045727","positive regulation of translation","41/2966","139/18986",0.294964028776978,1.88812779850294,4.52190429948457,2.53402305872852e-05,0.0030028173245933,0.00268072965686544,"CDK5RAP1/UPF3B/HNRNPU/PCIF1/PAIP1/CIRBP/UPF3A/EIF2B5/FXR1/ABCF1/HNRNPD/THBS1/EEF2/DHX9/HABP4/FXR2/CCL5/KHDRBS1/BCL3/CD28/SSB/ELAVL1/PRR16/MRPS27/LARP4B/POLDIP3/IL6/IGF2BP1/METTL3/SOX4/NPM1/PABPC1/MTOR/GUF1/FMR1/RBM4/NGRN/RPL5/RPL26/PINK1/DHX29",41
"GO:0006367","transcription initiation at RNA polymerase II promoter","47/2966","167/18986",0.281437125748503,1.80153920076233,4.47655938216963,2.60465495708014e-05,0.0030282799708543,0.00270346113320771,"BRD7/NOC2L/VPS72/USP21/SMARCA4/HEY2/MED24/SPHK2/SMARCB1/RBM14/GLYR1/TAF4/THRA/GTF2F1/MED25/TAF6L/TBP/PHF2/TET1/CTNNBIP1/MED22/APOBEC3C/WDR5/APEX1/GTF2F2/MED16/MYOCD/NKX2-5/CDK9/APOBEC1/TAF5/ESR1/ZNF451/ATAD2B/MAZ/PAAF1/MDC1/SIRT7/PSMC6/SMARCD1/TAF1/ERCC2/MED29/ARID1B/ERCC3/ASH2L/KAT2B",47
"GO:0042274","ribosomal small subunit biogenesis","34/2966","108/18986",0.314814814814815,2.01519692315377,4.55243546424384,2.78172829484016e-05,0.00314329253649898,0.00280613724111168,"TBL3/AATF/SURF6/KRI1/PWP2/NOP58/BMS1/NGDN/RPSA/NOL6/RCL1/RPS12/RPS27A/RPS7/MPHOSPH10/WDR75/IMP4/RRS1/RIOK1/RPS25/ERAL1/TSR2/NOL7/RPS24/RRP9/BYSL/NPM1/DHX37/NOB1/RPS15/ERCC2/WDR46/RPS9/FAU",34
"GO:0006405","RNA export from nucleus","31/2966","95/18986",0.326315789473684,2.08881712034638,4.57771644446039,2.83522164987069e-05,0.00314329253649898,0.00280613724111168,"NUP133/YTHDC1/HNRNPA1/IWS1/DDX19B/UPF1/PABPN1/NOL6/CASC3/DDX19A/DHX9/AKAP8L/HNRNPA2B1/KHDRBS1/SMG7/NUP214/UPF2/SSB/POLDIP3/NXF3/CPSF6/TPR/SMG6/NXF1/THOC1/SETD2/FMR1/SMG5/XPO5/MCM3AP/THOC2",31
"GO:0001701","in utero embryonic development","94/2966","403/18986",0.233250620347395,1.49308707954,4.3050465382378,2.85661119837623e-05,0.00314329253649898,0.00280613724111168,"XAB2/ADM/YTHDC1/PCGF2/MATR3/SOX8/TWIST1/MBD3/HEY2/AXIN1/DHX35/SNAI1/WNT2/UPF3A/RDH10/ARMC5/CTCF/SMARCB1/UNK/NOTCH1/TERF2/TAB1/TTLL1/SEC24D/ANGPT1/EIF2S2/KEAP1/WDR74/COL3A1/DBN1/MYH6/CHD7/INTS1/TET1/NASP/RBBP6/BMP5/IL10/SPINT1/MIB1/SOCS3/E2F7/ADAMTS3/PTCH1/PHF6/CIR1/STMN3/CHD8/NLE1/TBL1XR1/CASP8/FOSL1/APBA2/PHLDA2/SYF2/INPP5K/NR2F2/APOB/ZNF830/PALB2/RTF1/TFEB/NOG/BTF3/CCNB1IP1/KDM4C/RPL13/PRDM1/KAT2A/AKAP3/HEY1/ZMIZ1/NXN/SEC24C/BYSL/NSDHL/PEMT/TGFB3/FBXW8/BAP1/SETD2/HINFP/PRPF19/MFN2/EPB41L5/TRIM28/SMAD4/ERCC2/ENDOG/VEGFA/BMI1/PKD2/THOC2/RRN3",94
"GO:0010506","regulation of autophagy","88/2966","373/18986",0.235924932975871,1.51020592632498,4.28204615688579,3.24977495838698e-05,0.00351317777080361,0.0031363479099779,"MET/USP20/TSC2/EHMT2/UBQLN4/GPSM1/EPM2A/WDR6/STK11/TLK2/LRSAM1/LZTS1/KAT5/RNF5/MLST8/PTPN22/OSBPL7/SUPT5H/USP13/ATP6V0D2/KEAP1/HGF/NPRL3/WIPI1/DEPDC5/CLEC16A/HDAC6/WDR24/MEFV/IL10/EXOC7/SIRT2/RNF31/PIP4K2B/SIRT1/ATP6V0E2/UBR4/LEP/TRIM6/USP10/TRIM34/MAPT/USP30/ZC3H12A/ULK3/TBC1D14/RRAGB/KLHL22/LAMP3/TRIM21/SREBF2/ATG2A/NOD2/HTRA2/TRIM65/TFEB/VPS13D/ORMDL3/TRIM27/TRIM8/DCAF12/DCN/HMOX1/CSNK2A2/RPTOR/DRAM1/RALB/ITPR1/FOXK1/SETD2/MTOR/FOXK2/SNRNP70/WAC/ENDOG/CHMP4B/CLN3/USP36/PINK1/DAPK1/TSC1/PARL/SLC7A5/STUB1/SNX18/RRAGD/PIK3R2/POLDIP2",88
"GO:0072331","signal transduction by p53 class mediator","50/2966","183/18986",0.273224043715847,1.74896550707656,4.38059806689937,3.46974631707445e-05,0.00368630634582978,0.00329090639800927,"CDKN1B/TFAP4/JMY/TWIST1/MYBBP1A/STK11/SNAI1/MORN3/PLA2R1/KAT5/ING4/BOP1/HNRNPK/RPS7/BDKRB2/SNAI2/TAF9B/USP7/SIRT1/E2F7/USP10/RRS1/SMYD2/BCL3/ANKRD1/CDKN2A/ELL3/POU4F2/DYRK3/MAP2K6/SOX4/TOPORS/CASP6/NDRG1/RPL11/DDX5/MTOR/PRMT5/RPS15/RPS20/NOP2/TAF1/ERCC2/RPL5/TP53BP2/RPL26/USP2/RPL37/HEXIM1/RRN3",50
"GO:0000380","alternative mRNA splicing, via spliceosome","26/2966","75/18986",0.346666666666667,2.21908743537874,4.55163950140199,3.8221175843425e-05,0.00395187887516008,0.0035279931330543,"SMU1/HNRNPU/HNRNPM/YTHDC1/HNRNPA1/RBM17/PQBP1/HNRNPL/PUF60/RNPS1/RBM24/DHX9/SFPQ/RBMX/NOVA1/KHDRBS1/RBM5/DDX5/RBM25/FMR1/DDX17/RBM4/TIA1/STRAP/HNRNPUL1/HNRNPUL2",26
"GO:1902369","negative regulation of RNA catabolic process","30/2966","92/18986",0.326086956521739,2.08735231170659,4.49843923596214,3.84798332537495e-05,0.00395187887516008,0.0035279931330543,"HNRNPU/PAIP1/FUS/RBM10/CIRBP/TARDBP/UPF3A/QKI/TRAF2/SECISBP2/RBM24/FXR1/HNRNPD/DHX9/MYD88/IGF2BP3/ANGEL2/IKBKE/EIF4ENIF1/TAF15/ELAVL1/LARP4B/IGF2BP1/HNRNPA0/APOBEC1/PABPC1/NBAS/HNRNPC/PARN/LRPPRC",30
"GO:0048255","mRNA stabilization","25/2966","71/18986",0.352112676056338,2.25394850559866,4.554758153674,3.97238703576918e-05,0.00401276211711635,0.00358234592733904,"HNRNPU/PAIP1/FUS/RBM10/CIRBP/TARDBP/QKI/TRAF2/SECISBP2/RBM24/HNRNPD/DHX9/MYD88/IGF2BP3/ANGEL2/IKBKE/EIF4ENIF1/TAF15/ELAVL1/LARP4B/IGF2BP1/HNRNPA0/APOBEC1/PABPC1/HNRNPC",25
"GO:0048762","mesenchymal cell differentiation","68/2966","274/18986",0.248175182481752,1.58862239197523,4.22290755677973,4.80353957879753e-05,0.00477409852976619,0.00426202000658674,"SPSB3/WNT16/SOX8/TWIST1/HEY2/GREM1/SNAI1/WNT2/QKI/RDH10/NOTCH1/NOLC1/TCF7L2/PDCD4/LRP6/HGF/RPS7/HMGA2/DAB2IP/FRZB/SNAI2/PTK2/BMP5/CUL7/TCOF1/NRTN/FOXC2/FOLR1/FBXO11/VASN/TAPT1/NRP1/SEMA3E/CLASP2/IL17RD/SPRED3/ELL3/OTUD5/EDNRB/NCAM1/IL6/LRG1/COL1A1/MDK/TRIM62/SEMA3F/NOG/LOXL2/SPRY1/DACT3/HEY1/SEMA4G/SEMA4C/SPRY2/TGFB3/DDX5/PAX6/PDPN/MTOR/FN1/CLASP1/EPB41L5/TRIM28/ZFP64/SMAD4/DDX17/WWTR1/VEGFA",68
"GO:0050863","regulation of T cell activation","91/2966","393/18986",0.231552162849873,1.48221489004305,4.15644248527373,5.07351069862128e-05,0.00496237665474672,0.00443010307618961,"BRD7/NFKBIZ/IL7/CD70/SART1/SRC/LGALS3/PLA2G5/SMARCA4/HFE/EFNB2/CR1/SMARCC2/SOX12/JAK3/NRARP/KAT5/SMARCB1/SCRIB/PTPN22/ARG2/DPP4/CD5/XCL1/TNFSF14/ICOS/IL10/CCL5/CD274/RAG1/TNFSF9/TNFSF4/IGFBP2/SOCS1/SIRPG/KLHL25/PLA2G2F/AP3D1/CAV1/IL1RL2/MAP3K8/CD2/LEP/CD55/IL2RA/TNFSF11/CRTAM/ZEB1/NKAP/IL7R/ZC3H12A/CLC/CDKN2A/SLC46A2/LGALS1/CD28/KLHL22/PHF10/ANXA1/GPNMB/CD27/IL6/PAWR/MDK/MAD1L1/NOD2/METTL3/FGL1/SOX4/PRDM1/KAT2A/ZMIZ1/RC3H1/PTPN11/MAPK8IP1/SMARCC1/DUSP3/CCL2/CSK/SMARCD1/MTOR/RUNX1/IL4R/BRD2/SOS2/TWSG1/LYN/ARID1B/BMI1/HSPD1/SLC7A1",91
"GO:0030199","collagen fibril organization","25/2966","72/18986",0.347222222222222,2.22264366524313,4.47233241737415,5.19040780847396e-05,0.00499738951809634,0.00446136039590212,"FMOD/LOX/LUM/COL5A1/COL12A1/GREM1/LOXL4/LOXL1/COL3A1/COL1A2/COL5A2/VPS33B/DPT/ADAMTS2/ADAMTS3/FOXC2/COL11A2/PLOD2/MMP11/EFEMP2/COL1A1/ADAMTS14/LOXL2/SERPINH1/ANXA2",25
"GO:0019827","stem cell population maintenance","50/2966","186/18986",0.268817204301075,1.72075638599468,4.25035949969759,5.49208560147716e-05,0.00515824196523567,0.00460495951593325,"NFIB/DLL1/VPS72/SIRT6/SMC3/ZHX2/SOX2/ZNF358/DIS3L2/SMARCA4/SMARCB1/NOTCH1/NR2E1/ZIC3/BCL7A/BRD9/TAF6L/HMGA2/KDM2B/TET1/HES5/ARID4B/RAF1/SETD6/EIF4ENIF1/NKAP/ELAVL1/PHF10/IGF2BP1/DPF2/RTF1/NIPBL/METTL3/NOG/LOXL2/KDM4C/TRIM8/SOX4/PCM1/KAT2A/DDX6/PAF1/SMARCC1/SMARCD1/TAF5L/HOOK3/ZNF706/SS18/NCOA3/GNL3",50
"GO:0016032","viral process","102/2966","452/18986",0.225663716814159,1.44452168827836,4.11563840696974,5.52489402313461e-05,0.00515824196523567,0.00460495951593325,"LRRC15/CTBP2/PAIP1/ILF3/TFAP4/CTSB/PTX3/TARDBP/SRC/VPS4A/SMARCA4/EFNB2/CR1/LTF/LRSAM1/RPSA/TOP2B/SMARCB1/SRPK1/NOTCH1/CTBP1/DHX9/DPP4/EIF3G/MORC2/CLDN1/HMGA2/TRIM11/SETDB1/CAV2/PCSK5/BICD1/HCFC1/CHMP6/CCL5/RAD23A/APOBEC3C/PARD6A/CAV1/CTDP1/TRIM6/BTBD17/CHMP4C/CD55/TRIM34/ISG20/F11R/NRP1/ZC3H12A/CXCR6/EIF3A/LGALS1/CD28/INPP5K/SSB/DDB1/LAMP3/TRIM21/VPS28/NCAM1/NUCKS1/CDK9/ITGA5/TRIM62/ANPEP/CCR5/TRIM27/FCN1/TRIM8/USF1/RAB43/EIF3L/N4BP1/NFIA/IFIT5/APOBEC3G/DDX6/CHMP7/LARP7/VAPA/DDX5/CCL2/ZDHHC8/CXCR4/CSNK2B/PABPC1/VCP/FMR1/ST3GAL1/TRIM28/EIF3F/VPS37D/EIF3B/WWP2/CHMP4B/APOE/PCBP2/HEXIM1/SLC7A1/PC/CHMP1A/HSP90AB1",102
"GO:2000059","negative regulation of ubiquitin-dependent protein catabolic process","21/2966","56/18986",0.375,2.40045515846258,4.51593344061215,5.6228169895371e-05,0.00517131317754143,0.00461662868614625,"SGTA/UBXN1/HFE/USP5/TLK2/TRIM39/RPS7/USP7/CDKN2A/N4BP1/CSNK2A2/RPL11/SMARCC1/CSNK2B/TAF1/EIF3H/WAC/RPL5/SUFU/PHF20L1/HSP90AB1",21
"GO:0008286","insulin receptor signaling pathway","38/2966","130/18986",0.292307692307692,1.87112402095544,4.28831322159276,6.11604552268162e-05,0.00554221654570061,0.00494774828197123,"TSC2/NCL/RARRES2/SRC/BCAR1/GKAP1/GRB10/KANK1/NCOA5/CAV2/EIF4EBP2/GRB14/PIP4K2B/SOCS3/SIRT1/SOCS1/INSRR/RAF1/VWA2/FOXC2/LEP/LONP1/SHC1/INPP5K/NR1H4/NUCKS1/PTPN11/FOXO4/SMARCC1/AP3S1/SLC2A8/SOS2/APPL1/RBM4/GAB1/PIK3R1/PIK3R2/ZNF592",38
"GO:0010720","positive regulation of cell development","103/2966","460/18986",0.223913043478261,1.43331525403852,4.04810419159682,7.04094256713041e-05,0.00620743953592415,0.00554161823993229,"BRD7/NFKBIZ/SS18L1/IL7/ANAPC2/SART1/SOX8/SERPINF1/BCAN/OLIG2/SMARCA4/STK11/CR1/MAP2K2/WNT2/SMARCC2/QKI/SOX12/KAT5/SMARCB1/NOTCH1/NR2E1/FXR1/STK25/TRPV2/ROR2/CLCF1/GDI1/ADD1/GSX2/DBN1/FXR2/PROC/ACIN1/HDAC6/CRABP2/IL10/CTNNBIP1/SIRT2/RAG1/TNFSF9/CUL7/RUFY3/SPINT1/TNFSF4/SOCS1/PLXNB1/HSF1/ASCL1/KLHL25/AP3D1/IL1RL2/PLXNB3/IL2RA/TNFSF11/F11R/MAPT/NKAP/NRP1/NKX6-1/IL7R/SPEN/RGS14/CASP8/ELL3/OTP/POU4F2/NAP1L1/PHF10/ANXA1/GPR68/CD27/IL6/MDK/WNT3/SOX4/TRAK1/ZMIZ1/NTRK2/ID4/VCAN/PAFAH1B1/HAPLN4/RPTOR/FBXW8/SMARCC1/PAX6/ACE/CXCR4/SMARCD1/MTOR/RUNX1/FN1/IL4R/FMR1/LIMK1/PRMT5/BRD2/METRN/LYN/VEGFA/ARID1B/SLC7A5",103
"GO:0034605","cellular response to heat","24/2966","69/18986",0.347826086956522,2.22650913248703,4.39166109250255,7.05161907683691e-05,0.00620743953592415,0.00554161823993229,"PTGS2/EEF1D/TRPV1/THBS1/DNAJC7/HDAC6/SIRT1/TRPV4/HSF1/ST8SIA1/MAPT/HTRA2/HMOX1/HSPA6/TPR/SUMO1/MTOR/YWHAE/VCP/CREBBP/DNAJB1/LYN/STUB1/HSP90AB1",24
"GO:0001503","ossification","102/2966","456/18986",0.223684210526316,1.43185044539873,4.01640687440535,7.94089787932228e-05,0.00680497488567689,0.00607506085729982,"VDR/HNRNPU/SGMS2/FHL2/LOX/SOX2/SOX8/TNFAIP6/TWIST1/MYBBP1A/PPARG/PTGS2/LTF/GREM1/SNAI1/NOTCH1/SNX10/FOSL2/FASN/THRA/HIRA/DHX9/ROR2/COL13A1/IBSP/RXRB/HGF/SPP1/ASF1A/PBX1/COL1A2/CTHRC1/COL5A2/ACVR2B/GTPBP4/IGSF10/GDF5/SNAI2/PTK2/BMP5/CTNNBIP1/RBMX/CHRDL2/IGFBP2/GIT1/PLXNB1/PTCH1/TWIST2/FOXC2/SP7/LEP/SMOC1/SNRNP200/ASPN/TNFSF11/TAPT1/CTSK/RIPPLY2/CBS/GPC3/SLC24A3/NBR1/OSTF1/IL6/STC1/COL1A1/SOST/MDK/WNT3/NAB1/NIPBL/LRP3/NOG/MAP2K6/ECM1/RSPO2/SIRT7/CREB3L1/PTPN11/ID4/VCAN/SMPD3/TUFT1/JUND/DDX5/SETD2/RUNX1/NPNT/HNRNPC/RPS15/IGFBP3/TWSG1/SMAD4/WWTR1/CLIC1/ERCC2/GABBR1/VEGFA/MGP/SRGN/SUFU/CDH11",102
"GO:0000209","protein polyubiquitination","65/2966","263/18986",0.247148288973384,1.58204902712362,4.08986847118829,7.95128516340046e-05,0.00680497488567689,0.00607506085729982,"THOP1/SPSB3/ANAPC2/UBE2G2/CDC34/AXIN1/LRSAM1/ZNF598/TCF25/RNF5/PTPN22/TRAF2/TTC3/RNF146/UBE2R2/ZNF738/RNF187/HDAC6/WDR24/PELI2/RNF31/GPS2/ANAPC5/UBR4/RMND5A/TRIM6/PPIL2/UBE2V1/DDA1/UBOX5/RNF20/CDKN2A/FZR1/UBE4B/TRIM21/NOD2/TRIM65/TRIM62/SHARPIN/PLAA/TRIM27/TRIM8/TOPORS/MKRN3/ARIH2/RC3H1/KBTBD6/MKRN1/BLMH/RNF126/PEX10/MGRN1/DTX4/XIAP/UBE2O/PRPF19/RNF8/SYVN1/TAF1/WWP2/UBE2L3/TPP2/ANAPC7/STUB1/TRAF7",65
"GO:1903050","regulation of proteolysis involved in protein catabolic process","60/2966","238/18986",0.252100840336134,1.61375136703366,4.09980401830905,8.10412966081287e-05,0.00684077355752451,0.00610701969825639,"DVL1/SGTA/UBQLN4/MAGEF1/SIRT6/EPM2A/CSNK1E/UBXN1/HFE/USP5/AXIN1/CCDC22/TLK2/TRIM39/OSBPL7/USP13/KEAP1/RPS7/RNFT2/DAB2IP/SUMO2/PSMC5/PTK2/OPHN1/CTSC/SIRT2/RAD23A/USP7/SIRT1/CAV1/EGF/DDA1/USP19/DNAJB2/CDKN2A/FZR1/LAMP3/RGN/N4BP1/CSNK2A2/SUMO1/RPL11/FBXW8/SMARCC1/PSMC6/CSNK2B/VCP/FMR1/TAF1/EIF3H/WAC/RPL5/APOE/ZER1/PINK1/SUFU/PHF20L1/STUB1/TRAF7/HSP90AB1",60
"GO:0007159","leukocyte cell-cell adhesion","97/2966","430/18986",0.225581395348837,1.44399473098214,4.00709353788325,8.43035723905406e-05,0.00701998125770961,0.006267005253385,"BRD7/NFKBIZ/IL7/GCNT1/CD70/SART1/SRC/LGALS3/PLA2G5/SMARCA4/HFE/EFNB2/CR1/SMARCC2/SOX12/JAK3/NRARP/KAT5/SMARCB1/SCRIB/PTPN22/S100A9/ARG2/DPP4/CD5/S100A8/XCL1/TNFSF14/ICOS/IL10/CCL5/PODXL2/CD274/RAG1/TNFSF9/CHST4/TNFSF4/IGFBP2/SOCS1/SIRPG/KLHL25/PLA2G2F/MIA3/AP3D1/SKAP1/ASS1/CAV1/IL1RL2/MAP3K8/LEP/CD55/IL2RA/TNFSF11/CRTAM/F11R/NKAP/IL7R/ZC3H12A/CDKN2A/LGALS1/CD28/KLHL22/PHF10/ANXA1/GPNMB/CD27/IL6/LRG1/PAWR/MDK/MAD1L1/NOD2/ITGA5/FGL1/SOX4/ZMIZ1/RC3H1/PTPN11/ITGA4/SMARCC1/DUSP3/CCL2/CSK/SLC39A8/SMARCD1/MTOR/RUNX1/IL4R/MSN/BRD2/TWSG1/LYN/ARID1B/BMI1/CHST2/HSPD1/SLC7A1",97
"GO:0141188","nucleic acid catabolic process","99/2966","441/18986",0.224489795918367,1.43700716969188,3.9953428796378,8.70153220522074e-05,0.00714917885980936,0.0063823448848398,"UPF3B/HNRNPU/PAIP1/FUS/RBM10/SUPV3L1/CIRBP/ZC3H4/LSM14B/GTPBP1/ZHX2/REXO4/EDC4/TARDBP/PCBP4/DIS3L2/UPF3A/RNPS1/QKI/UPF1/MTPAP/CSDC2/TESK1/ZC3H12D/TRAF2/SECISBP2/RBM24/FXR1/CASC3/HNRNPD/DHX9/KHSRP/ZC3H18/DDX49/FXR2/EXOSC7/FASTKD1/DNASE1/DEDD2/MYD88/TNRC6C/IGF2BP3/HSF1/DNASE1L1/PUM2/ZCCHC7/ANGEL2/IKBKE/EXOSC2/ISG20/EXOSC5/EXOSC4/APEX1/EIF4ENIF1/SMG7/ZC3H12A/TAF15/RNASE3/CDKN2A/UPF2/SSB/ELAVL1/LARP4B/IL6/EDC3/IGF2BP1/HNRNPA0/APOBEC1/DNASE1L2/CNOT6/ERN2/METTL3/LSM7/MUS81/RGN/DIS3L/RC3H1/NPM1/SMG6/DDX5/DFFB/TNRC6B/CACNG7/PABPC1/NBAS/FMR1/SMG5/HNRNPC/ELAC2/EXOSC6/ENDOG/PUM1/MRTO4/PAN2/PARN/FTO/LRPPRC/GIGYF2/TNRC6A",99
"GO:0050767","regulation of neurogenesis","88/2966","383/18986",0.22976501305483,1.47077496219117,4.004800341747,8.95546554777883e-05,0.00726099719808068,0.00648216938402938,"SS18L1/ANAPC2/DLL1/HES6/SOX8/SERPINF1/BCAN/OLIG2/MBD1/STK11/HEY2/MAP2K2/WNT2/QKI/NOTCH1/NR2E1/FXR1/STK25/TRPV2/CLCF1/GDI1/SPP1/GSX2/PTPRS/DBN1/ATOH1/FXR2/TRIM11/FEZF1/CHD7/HDAC6/CRABP2/SIRT2/HES5/CUL7/RUFY3/SPINT1/NF2/PLXNB1/ASCL1/HES2/PLXNB3/MAPT/F2/NRP1/NKX6-1/SPEN/RGS14/PRTG/ELL3/OTP/POU4F2/NAP1L1/IL6/MDK/WNT3/SEMA3F/NOG/PCM1/TRAK1/HEY1/NTRK2/ID4/VCAN/PAFAH1B1/HAPLN4/ANXA2/FBXW8/SLIT1/DIP2B/PAX6/CDKN2B/ACE/CXCR4/YWHAH/MTOR/FN1/FMR1/LIMK1/PRMT5/METRN/HOOK3/HLTF/LYN/VEGFA/BHLHE40/MAP2/SLC7A5",88
"GO:0060562","epithelial tube morphogenesis","78/2966","331/18986",0.235649546827795,1.50844312072573,4.0153033772448,9.23518089858338e-05,0.00738965032253505,0.00659702293950497,"VDR/DVL1/MET/TSC2/DLL1/ADM/HS3ST3B1/SIRT6/SOX8/TWIST1/SRC/HS3ST3A1/EFNB2/GREM1/WNT2/WDR83/RDH10/NRARP/SCRIB/NOTCH1/ZIC3/RPS7/DVL2/PBX1/CTHRC1/LIAS/TCAP/KDM2B/HOXD11/FMN1/GZF1/BMP5/CTNNBIP1/HES5/SPINT1/MIB1/TBX6/PTCH1/LZTS2/FOXC2/FOLR1/MAGED1/EGF/NRP1/SEMA3E/GPC3/NKX2-5/MICAL2/MDK/ESR1/CEP290/NOG/SPRY1/STOX1/RSPO2/KAT2A/KDM5B/CLUAP1/SEMA4C/SPRY2/VANGL2/DDR1/SETD2/CXCR4/CSNK2B/CTSZ/NPNT/BRD2/DLC1/SMAD4/VEGFA/PRKX/PHB2/PKD2/PAK1/SUFU/TSC1/MTSS1",78
"GO:0000245","spliceosomal complex assembly","30/2966","96/18986",0.3125,2.00037929871881,4.22808735836757,9.35398775004436e-05,0.00738965032253505,0.00659702293950497,"HTATSF1/PSIP1/PRPF6/YTHDC1/SF3B2/PUF60/SF3A2/SRPK1/SF1/RBMX2/DDX42/DDX46/SNRNP200/PTBP2/LUC7L3/RBM5/DDX1/SNRPA1/SRPK3/ISY1/LUC7L/SF3B3/ZRSR2/SF3B1/PRPF19/U2AF2/SF3A1/SF3B4/DDX23/SNRPE",30
"GO:0034504","protein localization to nucleus","76/2966","321/18986",0.236760124610592,1.51555216650597,4.00839723160799,9.60707308215437e-05,0.00749351700408041,0.00668974869118438,"NUP133/DVL1/HNRNPU/TSC2/DMAP1/SIRT6/EPM2A/TARDBP/SRC/NVL/PTGS2/PARP1/STK11/PPP1R10/TESK1/NOTCH1/TCF7L2/ANGPT1/CCT3/CIZ1/CD36/XPA/BANP/NF2/RANBP17/RPAIN/LZTS2/NUAK2/LEP/MAGED1/RRS1/BCL3/EIF4ENIF1/FAM53B/F2/ZC3H12A/TNPO2/IPO9/CDKN2A/NUP214/GLIS2/ELAVL1/IPO13/COL1A1/WRAP53/CCT7/TRIM40/ORMDL3/MCRS1/TRIM8/TOPORS/MEPCE/BYSL/TPR/RASSF5/PAF1/LARP7/DCLK2/SUMO1/RPL11/FERMT1/MTOR/YWHAE/TRIM28/EFCAB7/CREBBP/APPL1/WWTR1/RANBP6/RANGAP1/PHB2/SUFU/PIK3R1/HDGF/PIK3R2/MARK3",76
"GO:0098727","maintenance of cell number","50/2966","190/18986",0.263157894736842,1.68452993576321,4.08033805620346,9.86134953716605e-05,0.00755801081166065,0.00674732477523335,"NFIB/DLL1/VPS72/SIRT6/SMC3/ZHX2/SOX2/ZNF358/DIS3L2/SMARCA4/SMARCB1/NOTCH1/NR2E1/ZIC3/BCL7A/BRD9/TAF6L/HMGA2/KDM2B/TET1/HES5/ARID4B/RAF1/SETD6/EIF4ENIF1/NKAP/ELAVL1/PHF10/IGF2BP1/DPF2/RTF1/NIPBL/METTL3/NOG/LOXL2/KDM4C/TRIM8/SOX4/PCM1/KAT2A/DDX6/PAF1/SMARCC1/SMARCD1/TAF5L/HOOK3/ZNF706/SS18/NCOA3/GNL3",50
"GO:0006383","transcription by RNA polymerase III","22/2966","62/18986",0.354838709677419,2.27139842951297,4.31450189332664,9.9350677660583e-05,0.00755801081166065,0.00674732477523335,"SNAPC4/ZNF76/GTF3C5/MYBBP1A/BRF1/POLR3H/POLR3B/GTF3C1/TBP/POLR3GL/CHD8/POLR2F/SNAPC3/POLR3F/POLR2E/SETD5/MAF1/GTF3C6/RPTOR/SF3B1/MTOR/GTF3C2",22
"GO:0000723","telomere maintenance","44/2966","162/18986",0.271604938271605,1.73860126703462,4.06229274066751,0.000115320547098333,0.00866591720999911,0.00773639511085864,"HNRNPU/SIRT6/HNRNPA1/ACD/MAP2K7/SRC/NVL/PARP1/NSMCE4A/EID3/UPF1/PPP1R10/TERF2/HNRNPD/XRCC1/ACTR5/INO80D/CCT3/USP7/HNRNPA2B1/PKIB/NHP2/APEX1/INO80B/TERF2IP/RFC1/WRAP53/INO80/ZBTB48/CCT7/MCRS1/HDAC8/SMG6/INO80E/SMG5/HNRNPC/RTEL1/TERF1/YLPM1/TFIP11/PARN/NSMCE1/GNL3/HSP90AB1",44
"GO:0006354","DNA-templated transcription elongation","38/2966","134/18986",0.283582089552239,1.81526957256871,4.07506495637605,0.000124207971316891,0.00922131950909259,0.00823222394549239,"HNRNPU/SIRT6/ZC3H4/POLR1E/PARP1/IWS1/TCEA2/AXIN1/MED24/GLYR1/SUPT16H/SUPT5H/RECQL5/GTF2F1/MED25/SART3/INTS1/MED22/ZMYND11/CTDP1/GTF2F2/ELL3/POLR2E/SETD5/MED16/TCERG1/ZNF326/CDK9/RTF1/PAF1/LARP7/SETD2/RNF8/ZMYND8/ERCC2/MED29/ERCC3/HEXIM1",38
"GO:1903037","regulation of leukocyte cell-cell adhesion","89/2966","392/18986",0.227040816326531,1.4533367966202,3.90244876443196,0.00012781501096884,0.00937614401892849,0.00837044169577893,"BRD7/NFKBIZ/IL7/GCNT1/CD70/SART1/SRC/LGALS3/PLA2G5/SMARCA4/HFE/EFNB2/CR1/SMARCC2/SOX12/JAK3/NRARP/KAT5/SMARCB1/SCRIB/PTPN22/ARG2/DPP4/CD5/XCL1/TNFSF14/ICOS/IL10/CCL5/CD274/RAG1/TNFSF9/CHST4/TNFSF4/IGFBP2/SOCS1/SIRPG/KLHL25/PLA2G2F/MIA3/AP3D1/SKAP1/ASS1/CAV1/IL1RL2/MAP3K8/LEP/CD55/IL2RA/TNFSF11/CRTAM/NKAP/IL7R/ZC3H12A/CDKN2A/LGALS1/CD28/KLHL22/PHF10/ANXA1/GPNMB/CD27/IL6/PAWR/MDK/MAD1L1/NOD2/FGL1/SOX4/ZMIZ1/RC3H1/PTPN11/ITGA4/SMARCC1/DUSP3/CCL2/CSK/SMARCD1/MTOR/RUNX1/IL4R/BRD2/TWSG1/LYN/ARID1B/BMI1/CHST2/HSPD1/SLC7A1",89
"GO:0001837","epithelial to mesenchymal transition","50/2966","192/18986",0.260416666666667,1.66698274893234,3.99682582298195,0.000130678599664875,0.00939338353724021,0.00838583207188666,"SPSB3/WNT16/TWIST1/HEY2/GREM1/SNAI1/WNT2/QKI/NOTCH1/NOLC1/TCF7L2/PDCD4/LRP6/HGF/HMGA2/DAB2IP/SNAI2/PTK2/BMP5/CUL7/TCOF1/FBXO11/VASN/CLASP2/IL17RD/SPRED3/ELL3/NCAM1/IL6/LRG1/COL1A1/MDK/TRIM62/NOG/LOXL2/SPRY1/DACT3/HEY1/SPRY2/TGFB3/DDX5/PDPN/MTOR/CLASP1/EPB41L5/TRIM28/SMAD4/DDX17/WWTR1/VEGFA",50
"GO:0043489","RNA stabilization","26/2966","80/18986",0.325,2.08039447066757,4.16665111936784,0.000131098828984527,0.00939338353724021,0.00838583207188666,"HNRNPU/PAIP1/FUS/RBM10/CIRBP/TARDBP/QKI/TRAF2/SECISBP2/RBM24/HNRNPD/DHX9/MYD88/IGF2BP3/ANGEL2/IKBKE/EIF4ENIF1/TAF15/ELAVL1/LARP4B/IGF2BP1/HNRNPA0/APOBEC1/PABPC1/HNRNPC/PARN",26
"GO:0043434","response to peptide hormone","99/2966","446/18986",0.221973094170404,1.42089722384332,3.87033220649995,0.000135727155501056,0.0096132268068679,0.00858209455110125,"GNRHR2/CDKN1B/TSC2/NCL/GCNT1/ADM/PCSK1/NUDC/RARRES2/SRC/ERRFI1/PPARG/PTGS2/PARP1/TIMP1/STK11/RETN/BCAR1/JAK3/TRPV1/SCNN1G/EIF2B5/HDAC5/SCNN1B/LRP6/GKAP1/GRB10/SPINK1/KANK1/COL3A1/NCOA5/STAT6/CAV2/EIF4EBP2/PTK2/EIF2B4/IL10/GRB14/PIP4K2B/SOCS3/SIRT1/TRPV4/SOCS1/HSF1/INSRR/RAF1/GAL/VWA2/ASS1/CAV1/TWIST2/FOXC2/SP7/LEP/CTSK/NKX6-1/LONP1/POU4F2/SHC1/INPP5K/CYP11A1/EDNRB/COL1A1/NR1H4/NUCKS1/HADHA/FBN1/CAPN10/STAT4/SCNN1D/TCF12/GPT/USF1/PTPN11/FOXO4/OXTR/SMARCC1/PAX6/ACE/SCAP/CSK/AP3S1/SLC2A8/MTOR/SLC9A1/SOS2/APPL1/RANGAP1/RBM4/LYN/SLC25A33/ARID1B/GAB1/PIK3R1/TSC1/KAT2B/PIK3R2/CAD/ZNF592",99
"GO:2001252","positive regulation of chromosome organization","34/2966","116/18986",0.293103448275862,1.87621782500523,4.07300315576938,0.000137293771795915,0.00961368433870943,0.00858250300724226,"SIRT6/HNRNPA1/ACD/MAP2K7/NCAPH2/NVL/PPP1R10/KAT5/TERF2/HNRNPD/MORC2/ACTR5/INO80D/SETDB1/CCT3/NUMA1/HNRNPA2B1/PKIB/INO80B/TERF2IP/WRAP53/MAD1L1/INO80/CCT7/ATF7IP2/MCRS1/TPR/INO80E/TRIM28/RTEL1/TERF1/PARN/RAD21/GNL3",34
"GO:1903241","U2-type prespliceosome assembly","12/2966","25/18986",0.48,3.0725826028321,4.46180773265483,0.000145423518389816,0.0100685361833488,0.00898856661271649,"HTATSF1/SF3B2/SF3A2/RBMX2/DDX42/DDX46/SNRPA1/SF3B3/SF3B1/SF3A1/SF3B4/SNRPE",12
"GO:0022409","positive regulation of cell-cell adhesion","78/2966","336/18986",0.232142857142857,1.48599605047683,3.86743104171955,0.000154577747882506,0.0105834231383556,0.00944822585302896,"BRD7/NFKBIZ/IL7/GCNT1/CD70/SART1/SOX2/SRC/SMARCA4/EFNB2/CR1/SMARCC2/SOX12/KAT5/SMARCB1/DPP4/PLAUR/CD5/XCL1/TNFSF14/ICOS/IL10/CCL5/CD274/RAG1/TNFSF9/CHST4/TNFSF4/MFSD2B/IGFBP2/SOCS1/SIRPG/KLHL25/AP3D1/SKAP1/RNASE10/CAV1/IL1RL2/MAP3K8/LEP/CD55/IL2RA/TNFSF11/F11R/NKAP/IL7R/LGALS1/CD28/KLHL22/PHF10/ANXA1/CD27/IL6/MDK/NOD2/FUT3/SOX4/ZMIZ1/MYO10/PTPN11/ITGA4/SMARCC1/CCL2/CSK/SMARCD1/PDPN/MTOR/RUNX1/IL4R/TJP1/BRD2/LYN/ARID1B/BMI1/CHST2/HSPD1/PTPN23/SLC7A1",78
"GO:0051098","regulation of binding","55/2966","219/18986",0.251141552511416,1.60761076061421,3.8914343230419,0.000174383819119545,0.0118082757518092,0.0105416985392567,"NFIB/MET/TFAP4/GPSM1/PRMT7/ACD/TWIST1/NVL/CSNK1E/SYMPK/HFE/HEY2/SPPL3/HDAC5/TCF7L2/PLAUR/GTF2F1/ADD1/MED25/HABP4/HMGA2/KDM4D/GTPBP4/SLN/IL10/CTNNBIP1/SIRT2/EDF1/MMP9/TRIM6/RNF220/EGF/BCL3/DNAJB2/HDAC4/POU4F2/TRIM21/NUCKS1/NOG/ITGA4/ANXA2/SUMO1/RPL11/CAMK1/RALB/HIP1R/PAX6/CSNK2B/AKTIP/TAF1/PEX14/DOT1L/MAP2/TFIP11/MARK3",55
"GO:0008299","isoprenoid biosynthetic process","13/2966","29/18986",0.448275862068966,2.86950961471388,4.33512390806061,0.000183585966360088,0.0122962687468572,0.0109773485148492,"MVD/IDI2/MVK/RDH10/LSS/PMVK/HMGCS1/FDPS/IDI1/RBP1/SRD5A3/ALDH1A3/HMGCR",13
"GO:0001659","temperature homeostasis","48/2966","185/18986",0.259459459459459,1.66085546099032,3.88652522559724,0.00019351483457888,0.0128219183943555,0.0114466160216098,"SIRT6/FABP5/PTGS2/SMARCA4/STK11/QKI/EBF2/GPR3/TRPV1/NOTCH1/THRA/HOXC10/TRPV2/GRB10/EHMT1/STAT6/ACVR2B/SLN/CD36/ACSL1/HSF1/NOVA1/TRPM8/CAV1/FOXC2/LEP/CNR1/TNFSF11/G0S2/ALMS1/EDNRB/NOD2/TLE3/MAP2K6/ABHD6/DYNC1H1/PEMT/OXTR/ABAT/CXCR4/ZNF423/MFN2/IL4R/ID1/ADIPOR2/VEGFA/GADD45G/FTO",48
"GO:0032868","response to insulin","66/2966","276/18986",0.239130434782609,1.53072502858483,3.82161413496851,0.000197684891461923,0.0128257646192736,0.0114500496934221,"TSC2/NCL/GCNT1/ADM/RARRES2/SRC/ERRFI1/PPARG/PARP1/RETN/BCAR1/HDAC5/GKAP1/GRB10/KANK1/NCOA5/CAV2/EIF4EBP2/IL10/GRB14/PIP4K2B/SOCS3/SIRT1/TRPV4/SOCS1/INSRR/RAF1/GAL/VWA2/TWIST2/FOXC2/SP7/LEP/CTSK/LONP1/POU4F2/SHC1/INPP5K/COL1A1/NR1H4/NUCKS1/HADHA/CAPN10/GPT/USF1/PTPN11/FOXO4/SMARCC1/PAX6/SCAP/AP3S1/SLC2A8/MTOR/SLC9A1/SOS2/APPL1/RBM4/LYN/SLC25A33/GAB1/PIK3R1/TSC1/KAT2B/PIK3R2/CAD/ZNF592",66
"GO:0009952","anterior/posterior pattern specification","55/2966","220/18986",0.25,1.60030343897505,3.85350506313987,0.000197735741452612,0.0128257646192736,0.0114500496934221,"DLL1/HES6/PCGF2/HEY2/WNT2/HOXC9/NRARP/RING1/NOTCH1/ZIC3/HOXC10/PBX1/HOXD13/ACVR2B/PCSK5/FEZF1/HOXC13/TCAP/KDM2B/CTNNBIP1/HOXC8/HES5/MLLT3/MIB1/HOXC11/OTX1/MEOX2/HES2/HOXC6/TBX6/SSBP3/HOXD10/FOXC2/NLE1/HOXA6/RIPPLY2/GPC3/TSHZ1/NR2F2/OFD1/WNT3/PALB2/HOXB4/HES4/NOG/NKD1/KAT2A/HEY1/PAX6/EPB41L5/SMAD4/BHLHE40/BMI1/GDF11/CRKL",55
"GO:0061158","3'-UTR-mediated mRNA destabilization","10/2966","19/18986",0.526315789473684,3.36905987152642,4.44542341870294,0.000201436101439698,0.0129296797611606,0.0115428187074985,"TARDBP/UPF1/ZC3H12D/RBM24/HNRNPD/KHSRP/PUM2/ZC3H12A/RC3H1/PUM1",10
"GO:0030511","positive regulation of transforming growth factor beta receptor signaling pathway","14/2966","33/18986",0.424242424242424,2.71566644189706,4.24434290223625,0.000213546132560411,0.0134174512160467,0.0119782709057312,"STK11/AXIN1/THBS1/ITGA8/MYOCD/LRG1/CDKN2B/FERMT1/NPNT/CREBBP/TWSG1/SMAD4/SLC2A10/HSP90AB1",14
"GO:1903846","positive regulation of cellular response to transforming growth factor beta stimulus","14/2966","33/18986",0.424242424242424,2.71566644189706,4.24434290223625,0.000213546132560411,0.0134174512160467,0.0119782709057312,"STK11/AXIN1/THBS1/ITGA8/MYOCD/LRG1/CDKN2B/FERMT1/NPNT/CREBBP/TWSG1/SMAD4/SLC2A10/HSP90AB1",14
"GO:0021781","glial cell fate commitment","8/2966","13/18986",0.615384615384615,3.93920846516936,4.56135297351792,0.000215567619342522,0.0134174512160467,0.0119782709057312,"NFIB/SOX2/SOX8/OLIG2/HES5/ASCL1/NFIA/PAX6",8
"GO:0140694","non-membrane-bounded organelle assembly","94/2966","425/18986",0.221176470588235,1.41579786601087,3.73023037287346,0.000225681651459834,0.013906503362955,0.012414866426622,"HNRNPU/FUS/CIRBP/LSM14B/PWP2/SMC3/BCCIP/SRC/HAUS6/DHX30/RPSA/RBM14/GPSM2/FXR1/BOP1/MYH6/MYH3/SENP6/TCAP/BICD1/ANKRD23/TUBGCP2/CHMP6/CDK5RAP2/NUMA1/PSPC1/HSF1/LZTS2/NEK6/PUM2/CHMP4C/USP10/RRS1/POGZ/MAPT/EIF4ENIF1/CLASP2/ALMS1/ANKRD1/AAAS/ERAL1/MYBPH/MYBPC2/TUBGCP3/DDB1/NKX2-5/MRPS2/CNTROB/EDC3/STAG2/CEP192/INO80/MYL9/CNOT6/RPL24/NRAP/MYH7/EIF5B/KAT2A/CENPT/SAC3D1/CCDC69/RC3H1/DYNC1H1/TUBGCP6/DDX6/TPR/NPM1/CHMP7/RPL11/DHX37/FMR1/CLASP1/MSN/RPS15/SMAD4/NOP2/NGRN/TMOD2/TIA1/RPL5/CHMP4B/MRTO4/ATXN2L/DHX29/PAN2/KAT2B/PLEC/POLDIP2/TNRC6A/MAPRE1/UBAP2L/CHMP1A/FAU",94
"GO:0000470","maturation of LSU-rRNA","12/2966","26/18986",0.461538461538462,2.95440634887702,4.29083673882933,0.000231807555294355,0.0141425559972655,0.0126255996244742,"RPL7/LAS1L/RPL7A/BOP1/PPAN/PES1/GTPBP4/RRP15/RBM34/FTSJ3/RPL35/NOP2",12
"GO:0043162","ubiquitin-dependent protein catabolic process via the multivesicular body sorting pathway","15/2966","37/18986",0.405405405405405,2.59508665779738,4.17880027598965,0.000234766281763792,0.0141826453747891,0.0126613889421835,"TOM1L1/VPS4A/HDAC6/CHMP6/HGS/CHMP4C/VPS28/UBAP1/PLAA/CHMP7/RNF126/VPS37D/CHMP4B/PTPN23/CHMP1A",15
"GO:0006406","mRNA export from nucleus","24/2966","74/18986",0.324324324324324,2.0760693262379,3.99068088065159,0.000242710220164189,0.0145201978315702,0.0129627349062652,"NUP133/YTHDC1/IWS1/DDX19B/UPF1/PABPN1/CASC3/DDX19A/AKAP8L/HNRNPA2B1/SMG7/NUP214/UPF2/POLDIP3/NXF3/TPR/SMG6/NXF1/THOC1/SETD2/FMR1/SMG5/MCM3AP/THOC2",24
"GO:0006289","nucleotide-excision repair","26/2966","83/18986",0.313253012048193,2.00519948980006,3.94898566036183,0.000255609343325955,0.0151448535920629,0.0135203889496097,"BRD7/XAB2/NTHL1/SMARCA4/SMARCC2/KAT5/SMARCB1/BCL7A/ERCC5/POLL/RAD23A/USP7/SIRT1/XPA/DDB1/PHF10/DPF2/USP44/GTF2H4/XPC/SMARCC1/SMARCD1/DPF1/ERCC2/ARID1B/ERCC3",26
"GO:1903039","positive regulation of leukocyte cell-cell adhesion","67/2966","284/18986",0.235915492957746,1.5101454987511,3.7270809109684,0.00026845587514496,0.0157545247870785,0.0140646656993239,"BRD7/NFKBIZ/IL7/GCNT1/CD70/SART1/SRC/SMARCA4/EFNB2/CR1/SMARCC2/SOX12/KAT5/SMARCB1/DPP4/CD5/XCL1/TNFSF14/ICOS/CCL5/CD274/RAG1/TNFSF9/CHST4/TNFSF4/IGFBP2/SOCS1/SIRPG/KLHL25/AP3D1/SKAP1/CAV1/IL1RL2/MAP3K8/LEP/CD55/IL2RA/TNFSF11/NKAP/IL7R/LGALS1/CD28/KLHL22/PHF10/ANXA1/CD27/IL6/MDK/NOD2/SOX4/ZMIZ1/PTPN11/ITGA4/SMARCC1/CCL2/CSK/SMARCD1/MTOR/RUNX1/IL4R/BRD2/LYN/ARID1B/BMI1/CHST2/HSPD1/SLC7A1",67
"GO:0010810","regulation of cell-substrate adhesion","55/2966","223/18986",0.246636771300448,1.57877469315924,3.74085128834856,0.00028575628802843,0.0165449487443028,0.0147703073400172,"EGFLAM/SERPINE1/SRC/RAC3/GREM1/EGFL6/TESK1/NOTCH1/CASK/THBS1/KANK1/POSTN/MYADM/PTK2/CD36/FMN1/NF2/TBCD/SKAP1/ITGA3/NRP1/SEMA3E/CLASP2/EFEMP2/CDKN2A/MAP4K4/COL1A1/MDK/ARHGEF7/EPHA1/ITGA5/BST1/ANGPT2/PLAU/COL8A1/SPRY4/DDR1/DUSP3/PDPN/FERMT1/FN1/SLC9A1/CLASP1/NPNT/EPB41L5/CSPG5/DLC1/VEGFA/PIK3R1/TSC1/RIN2/TRIOBP/POLDIP2/CRKL/LIMCH1",55
"GO:0032785","negative regulation of DNA-templated transcription, elongation","11/2966","23/18986",0.478260869565217,3.06145005716966,4.2564038886455,0.000287294630905616,0.0165449487443028,0.0147703073400172,"HNRNPU/SIRT6/ZC3H4/PARP1/AXIN1/SUPT5H/RECQL5/TCERG1/LARP7/RNF8/HEXIM1",11
"GO:0032206","positive regulation of telomere maintenance","24/2966","75/18986",0.32,2.04838840188806,3.91430993738601,0.000304687769442587,0.0173841299565298,0.0155194764435376,"SIRT6/HNRNPA1/ACD/MAP2K7/NVL/PPP1R10/TERF2/HNRNPD/ACTR5/INO80D/CCT3/HNRNPA2B1/PKIB/INO80B/TERF2IP/WRAP53/INO80/CCT7/MCRS1/INO80E/RTEL1/TERF1/PARN/GNL3",24
"GO:0050870","positive regulation of T cell activation","62/2966","260/18986",0.238461538461538,1.52644328025313,3.67769211986366,0.000328414681130925,0.0184309595405767,0.0164540211754648,"BRD7/NFKBIZ/IL7/CD70/SART1/SRC/SMARCA4/EFNB2/CR1/SMARCC2/SOX12/KAT5/SMARCB1/DPP4/CD5/XCL1/TNFSF14/ICOS/CCL5/CD274/RAG1/TNFSF9/TNFSF4/IGFBP2/SOCS1/SIRPG/KLHL25/AP3D1/CAV1/IL1RL2/MAP3K8/LEP/CD55/IL2RA/TNFSF11/NKAP/IL7R/LGALS1/CD28/KLHL22/PHF10/ANXA1/CD27/IL6/MDK/NOD2/SOX4/ZMIZ1/PTPN11/SMARCC1/CCL2/CSK/SMARCD1/MTOR/RUNX1/IL4R/BRD2/LYN/ARID1B/BMI1/HSPD1/SLC7A1",62
"GO:0019083","viral transcription","19/2966","54/18986",0.351851851851852,2.25227891411303,3.96514723417026,0.000329017453661706,0.0184309595405767,0.0164540211754648,"TFAP4/TARDBP/SMARCA4/SMARCB1/DHX9/HMGA2/TRIM11/CCL5/CTDP1/INPP5K/TRIM21/NUCKS1/CDK9/TRIM62/TRIM27/TRIM8/USF1/LARP7/HEXIM1",19
"GO:0045663","positive regulation of myoblast differentiation","17/2966","46/18986",0.369565217391304,2.36566595326747,3.99018497613222,0.000344452256912574,0.0191217550188764,0.0170707206697498,"BRD7/SMARCA4/SMARCC2/KAT5/SMARCB1/RBM24/TNFSF14/XKR8/CXCL9/PHF10/SOX4/LRRC8A/SMARCC1/SMARCD1/IGFBP3/ARID1B/MAP3K5",17
"GO:0061008","hepaticobiliary system development","40/2966","150/18986",0.266666666666667,1.70699033490672,3.7404545631409,0.000347818882179827,0.019136249571358,0.0170836605100731,"MET/GFER/ERRFI1/SMARCB1/NOTCH1/ZIC3/HNRNPD/HGF/SOD2/CLDN1/PHF2/FRZB/MPST/IL10/E2F7/NKX2-8/PTCH1/ASS1/UPF2/JARID2/IL6/LSR/MDK/NIPBL/PTPN3/FGL1/PRKCSH/RHBDD3/RGN/ELK1/CSNK2A2/CDKN2B/SEC63/PRMT5/RPS15/PKD2/SULF2/ACO2/SLC7A5/CAD",40
"GO:0042730","fibrinolysis","12/2966","27/18986",0.444444444444444,2.8449838915112,4.12787336670325,0.000358211336103233,0.0195336128590099,0.0174384018861248,"SERPINE1/THBS1/PLAUR/SERPINB2/SERPING1/PROS1/F2/PLAU/USF1/THBD/ANXA2/PLAT",12
"GO:1990845","adaptive thermogenesis","44/2966","170/18986",0.258823529411765,1.65678473682123,3.70120788111812,0.000370006079222954,0.0198756554491506,0.0177437563636654,"HNRNPU/SIRT6/FABP5/SMARCA4/STK11/QKI/EBF2/GPR3/TRPV1/NOTCH1/THRA/HOXC10/TRPV2/GRB10/EHMT1/STAT6/ACVR2B/SLN/CD36/ACSL1/TRPV4/HSF1/NOVA1/TRPM8/CAV1/FOXC2/LEP/G0S2/ALMS1/TLE3/MAP2K6/ABHD6/DYNC1H1/PEMT/OXTR/CXCR4/ZNF423/MFN2/IL4R/ID1/ADIPOR2/VEGFA/GADD45G/CKB",44
"GO:0031589","cell-substrate adhesion","81/2966","361/18986",0.224376731301939,1.4362834189139,3.60108843014867,0.000370934822566101,0.0198756554491506,0.0177437563636654,"EGFLAM/SERPINE1/SRC/LAMB1/RAC3/GREM1/EGFL6/TESK1/NOTCH1/CASK/THBS1/ANGPT1/COL13A1/TAOK2/KANK1/ACTN1/COL3A1/TTYH1/POSTN/MYADM/PTK2/CD36/TMEM8B/PARVB/FMN1/ITGA8/BCR/NF2/TBCD/FBLN5/SKAP1/VWA2/ITGA3/MYO1G/CD96/NRP1/SEMA3E/CLASP2/EFEMP2/CDKN2A/ITGBL1/MAP4K4/COL1A1/MDK/ARHGEF7/EPHA1/ITGA5/LAMC1/BST1/FGL1/ANGPT2/PLAU/COL8A1/ITGA1/NID2/ITGA4/SPRY4/ANXA2/DDR1/DUSP3/PDPN/FERMT1/FN1/SLC9A1/CLASP1/NPNT/EPB41L5/CSPG5/DLC1/VEGFA/PRKX/EPHB3/PARVA/PIK3R1/TSC1/RIN2/TRIOBP/CDH11/POLDIP2/CRKL/LIMCH1",81
"GO:0021915","neural tube development","40/2966","151/18986",0.264900662251656,1.69568576315237,3.69299224293988,0.000402916278820807,0.0212202573512292,0.0189441338112239,"NUP133/DVL1/TSC2/ADM/PHGDH/MARCKS/TWIST1/ZNF358/WDR83/KAT5/SCRIB/NOTCH1/RPS7/DVL2/CTHRC1/LIAS/KDM2B/BMP5/HES5/SPINT1/MIB1/PTCH1/SSBP3/FOLR1/RNF220/IFT140/NOG/KAT2A/CLUAP1/SEMA4C/VANGL2/PAX6/SETD2/BRD2/DLC1/ITPK1/BMI1/PKD2/SUFU/TSC1",40
"GO:0120161","regulation of cold-induced thermogenesis","40/2966","151/18986",0.264900662251656,1.69568576315237,3.69299224293988,0.000402916278820807,0.0212202573512292,0.0189441338112239,"SIRT6/FABP5/SMARCA4/STK11/QKI/EBF2/GPR3/NOTCH1/THRA/HOXC10/TRPV2/GRB10/EHMT1/STAT6/ACVR2B/SLN/CD36/ACSL1/HSF1/NOVA1/TRPM8/CAV1/FOXC2/LEP/G0S2/ALMS1/TLE3/MAP2K6/ABHD6/DYNC1H1/PEMT/OXTR/CXCR4/ZNF423/MFN2/IL4R/ID1/ADIPOR2/VEGFA/GADD45G",40
"GO:0001188","RNA polymerase I preinitiation complex assembly","7/2966","11/18986",0.636363636363636,4.07349966284558,4.38730915454213,0.000415261230510633,0.0215028546420716,0.0191964192007834,"UBTF/POLR1E/SMARCA4/SMARCB1/TBP/TAF1C/RRN3",7
"GO:0070934","CRD-mediated mRNA stabilization","7/2966","11/18986",0.636363636363636,4.07349966284558,4.38730915454213,0.000415261230510633,0.0215028546420716,0.0191964192007834,"HNRNPU/PAIP1/HNRNPD/DHX9/IGF2BP3/IGF2BP1/PABPC1",7
"GO:2000058","regulation of ubiquitin-dependent protein catabolic process","44/2966","171/18986",0.257309941520468,1.6470959371907,3.65741494498505,0.000424085765254065,0.0216761780454809,0.0193511516195499,"DVL1/SGTA/UBQLN4/MAGEF1/SIRT6/CSNK1E/UBXN1/HFE/USP5/AXIN1/CCDC22/TLK2/TRIM39/KEAP1/RPS7/SUMO2/PTK2/SIRT2/RAD23A/USP7/SIRT1/EGF/DDA1/DNAJB2/CDKN2A/FZR1/N4BP1/CSNK2A2/SUMO1/RPL11/FBXW8/SMARCC1/CSNK2B/VCP/TAF1/EIF3H/WAC/RPL5/ZER1/SUFU/PHF20L1/STUB1/TRAF7/HSP90AB1",44
"GO:0030217","T cell differentiation","73/2966","320/18986",0.228125,1.46027688806473,3.57295992242847,0.000425643872687957,0.0216761780454809,0.0193511516195499,"BRD7/PATZ1/NFKBIZ/IL7/SART1/NCAPH2/CD8A/SMARCA4/STK11/CR1/SMARCC2/SOX12/ARMC5/JAK3/NRARP/KAT5/SMARCB1/PTPN22/MR1/FOSL2/ITK/STAT6/CHD7/RPL22/RAG1/TNFSF9/SOCS3/TNFSF4/SOCS1/KLHL25/CD3G/AP3D1/IL1RL2/CD2/LEP/IL2RA/CRTAM/ZEB1/IKZF3/BCL3/NKAP/IL7R/ZC3H12A/CDKN2A/SLC46A2/LGALS1/CD28/PHF10/ANXA1/CD27/IL6/MDK/METTL3/USP44/STAT4/SOX4/PRDM1/KAT2A/ZMIZ1/RC3H1/SMARCC1/SMARCD1/MTOR/RUNX1/IL4R/BRD2/SOS2/ARID1B/PKNOX1/BMI1/PIK3R1/TSC1/PIK3R2",73
"GO:0050769","positive regulation of neurogenesis","59/2966","247/18986",0.238866396761134,1.52903486476968,3.60096734761799,0.000430813422283508,0.0217596090828769,0.0194256336915756,"SS18L1/ANAPC2/SOX8/SERPINF1/BCAN/OLIG2/STK11/MAP2K2/WNT2/QKI/NOTCH1/NR2E1/FXR1/STK25/TRPV2/CLCF1/GDI1/GSX2/DBN1/FXR2/HDAC6/CRABP2/CUL7/RUFY3/SPINT1/PLXNB1/ASCL1/PLXNB3/MAPT/NRP1/NKX6-1/SPEN/RGS14/ELL3/OTP/POU4F2/NAP1L1/IL6/MDK/WNT3/TRAK1/NTRK2/ID4/VCAN/PAFAH1B1/HAPLN4/FBXW8/PAX6/ACE/CXCR4/MTOR/FN1/FMR1/LIMK1/PRMT5/METRN/LYN/VEGFA/SLC7A5",59
"GO:1902275","regulation of chromatin organization","14/2966","35/18986",0.4,2.56048550236008,3.9759170290695,0.000444595117354562,0.0222731310011286,0.0198840743114672,"HNRNPU/SAMD1/TLK2/MORC2/SETD1A/PHF2/SETDB1/DNMT3L/MLLT3/SSRP1/SETD5/ATF7IP2/TPR/TRIM28",14
"GO:0001889","liver development","39/2966","147/18986",0.26530612244898,1.69828120054495,3.65695581007322,0.000457335610161536,0.0227266292727047,0.0202889295305958,"MET/GFER/ERRFI1/SMARCB1/NOTCH1/ZIC3/HNRNPD/HGF/SOD2/CLDN1/PHF2/FRZB/MPST/IL10/E2F7/NKX2-8/PTCH1/ASS1/UPF2/JARID2/IL6/LSR/MDK/PTPN3/FGL1/PRKCSH/RHBDD3/RGN/ELK1/CSNK2A2/CDKN2B/SEC63/PRMT5/RPS15/PKD2/SULF2/ACO2/SLC7A5/CAD",39
"GO:0090100","positive regulation of transmembrane receptor protein serine/threonine kinase signaling pathway","31/2966","109/18986",0.284403669724771,1.8205286828707,3.69658031405441,0.000473434843740306,0.0233384440570221,0.0208351199443102,"SH2B1/PARP1/HFE/STK11/AXIN1/NOTCH1/THBS1/ACVR2B/GDF5/BMP5/HES5/NUMA1/ITGA8/ZC3H3/GPC3/MYOCD/LRG1/TGFB3/UBE2O/CDKN2B/CSNK2B/ZNF423/FERMT1/NPNT/GLCE/CREBBP/TWSG1/SMAD4/SLC2A10/GDF11/HSP90AB1",31
"GO:0045665","negative regulation of neuron differentiation","23/2966","73/18986",0.315068493150685,2.01682077240691,3.74528823832197,0.000517196128134565,0.0252933535044856,0.0225803422358499,"DLL1/ZHX2/SOX2/SOX8/OLIG2/LMX1A/NOTCH1/NR2E1/PBX1/CDK5RAP2/HES5/MIB1/ASCL1/SPAG9/TLX3/EIF4ENIF1/POU4F2/HEY1/HMG20A/ID4/DDX6/PAX6/GDF11",23
"GO:0001558","regulation of cell growth","89/2966","408/18986",0.218137254901961,1.39634319675274,3.48226348127947,0.000524766550069601,0.0254615077285739,0.0227304599309054,"ATAD3A/CDKN1B/CDK11B/ANAPC2/MUC12/SUPV3L1/EPM2A/LMX1A/SMARCA4/STK11/GREM1/BCAR1/BDKRB1/SPHK2/PARP2/MLST8/ING4/ZC3H12D/S100A9/NAIF1/TRPV2/TAOK2/GDI1/SPP1/S100A8/PTPRS/DDX49/FRZB/RICTOR/KDM2B/TAF9B/HDAC6/CRABP2/RUFY3/SPAG9/PUM2/AVPR1A/CTDP1/EXOSC2/EXOSC4/MAPT/F2/NRP1/NKX6-1/CLASP2/DCBLD2/ING5/DNAJB2/CDKN2A/NDRG3/NET1/TCHP/POU4F2/KLHL22/MYOCD/WNT3/INO80/OSGIN2/SEMA3F/TRIM40/PLAA/DACT3/GDF9/DNM2/PAFAH1B1/TMEM97/RPTOR/DDR1/SLIT1/BAP1/DIP2B/CXCR4/CACNG7/CRLF3/MTOR/FN1/SLC9A1/LIMK1/IGFBP4/IGFBP3/SMAD4/RPS6KA3/SLC25A33/VEGFA/OGFR/MAP2/GNG4/APOE/CRKL",89
"GO:0106106","cold-induced thermogenesis","40/2966","153/18986",0.261437908496732,1.67351993618306,3.59911758725604,0.000536945757853598,0.0258489043741708,0.0230763037051225,"SIRT6/FABP5/SMARCA4/STK11/QKI/EBF2/GPR3/NOTCH1/THRA/HOXC10/TRPV2/GRB10/EHMT1/STAT6/ACVR2B/SLN/CD36/ACSL1/HSF1/NOVA1/TRPM8/CAV1/FOXC2/LEP/G0S2/ALMS1/TLE3/MAP2K6/ABHD6/DYNC1H1/PEMT/OXTR/CXCR4/ZNF423/MFN2/IL4R/ID1/ADIPOR2/VEGFA/GADD45G",40
"GO:0015931","nucleobase-containing compound transport","57/2966","239/18986",0.238493723849372,1.52664930580047,3.52544704040154,0.000555740405636363,0.0265462975157463,0.0236988931852765,"NUP133/UPF3B/HNRNPA1L2/YTHDC1/RFTN2/SLC25A24/HNRNPA1/IWS1/CR1/DDX19B/UPF3A/QKI/UPF1/PABPN1/LRRC8E/NOL6/FXR1/CASC3/DDX19A/DHX9/SLC25A41/KHSRP/SLC19A1/FXR2/AKAP8L/ZC3H3/IGF2BP3/HSF1/RANBP17/HNRNPA2B1/KHDRBS1/SMG7/SLC46A2/NUP214/AAAS/UPF2/SSB/POLDIP3/IGF2BP1/NXF3/LRRC8A/SLC25A36/CPSF6/TPR/SMG6/NXF1/THOC1/SETD2/FMR1/SMG5/XPO5/NUP43/SLC25A33/SLC35C2/MCM3AP/THOC2/LRPPRC",57
"GO:0007492","endoderm development","26/2966","87/18986",0.298850574712644,1.91300640980926,3.67260024234507,0.000578168037813971,0.0274051649923822,0.0244656369685491,"BRD3/SOX2/COL5A1/LAMB1/COL12A1/NOTCH1/HMGA2/MMP8/COL5A2/DUSP5/HOXC11/MMP9/SSBP3/ITGA5/LAMC1/RTF1/NOG/COL8A1/ITGA4/PAF1/SETD2/FN1/EPB41L5/SMAD4/MMP15/TNRC6A",26
"GO:0010458","exit from mitosis","13/2966","32/18986",0.40625,2.60049308833446,3.89886297490711,0.000593264639007658,0.0279060817218717,0.0249128244552352,"NFIB/CDKN1B/SPAST/SIRT2/CTDP1/CLASP2/RPL24/NFIA/PPP2R2D/CHMP7/CLASP1/CHMP4B/PHB2",13
"GO:0031122","cytoplasmic microtubule organization","21/2966","65/18986",0.323076923076923,2.06808444421391,3.7115032368211,0.000614408624502282,0.0284193650713102,0.02537105209564,"DVL1/FSD1/KATNB1/AXIN1/KANK1/CLIP2/TUBGCP2/NUMA1/TRPV4/STMN3/MAPT/TUBGCP3/CLIP3/PCM1/CCDC88A/DYNC1H1/TUBGCP6/PAFAH1B1/CLASP1/HOOK3/PPFIBP1",21
"GO:0006402","mRNA catabolic process","79/2966","356/18986",0.221910112359551,1.42049406380931,3.4461808034163,0.000617045230635578,0.0284193650713102,0.02537105209564,"UPF3B/HNRNPU/PAIP1/FUS/RBM10/SUPV3L1/CIRBP/LSM14B/GTPBP1/ZHX2/EDC4/TARDBP/PCBP4/DIS3L2/UPF3A/RNPS1/QKI/UPF1/MTPAP/CSDC2/TESK1/ZC3H12D/TRAF2/SECISBP2/RBM24/FXR1/CASC3/HNRNPD/DHX9/KHSRP/FXR2/EXOSC7/FASTKD1/MYD88/TNRC6C/IGF2BP3/PUM2/ZCCHC7/ANGEL2/IKBKE/EXOSC2/EXOSC5/EXOSC4/APEX1/EIF4ENIF1/SMG7/ZC3H12A/TAF15/UPF2/SSB/ELAVL1/LARP4B/EDC3/IGF2BP1/HNRNPA0/APOBEC1/CNOT6/METTL3/LSM7/DIS3L/RC3H1/NPM1/SMG6/DDX5/TNRC6B/CACNG7/PABPC1/NBAS/FMR1/SMG5/HNRNPC/EXOSC6/PUM1/MRTO4/PAN2/PARN/FTO/GIGYF2/TNRC6A",79
"GO:0061136","regulation of proteasomal protein catabolic process","49/2966","199/18986",0.246231155778894,1.57617826150306,3.51572022679115,0.000618012807457898,0.0284193650713102,0.02537105209564,"DVL1/SGTA/UBQLN4/SIRT6/EPM2A/CSNK1E/UBXN1/HFE/USP5/AXIN1/TLK2/TRIM39/OSBPL7/USP13/KEAP1/RNFT2/DAB2IP/SUMO2/PSMC5/OPHN1/SIRT2/RAD23A/USP7/SIRT1/CAV1/DDA1/USP19/DNAJB2/FZR1/LAMP3/N4BP1/CSNK2A2/SUMO1/RPL11/FBXW8/SMARCC1/PSMC6/CSNK2B/VCP/FMR1/TAF1/EIF3H/WAC/APOE/ZER1/PINK1/PHF20L1/STUB1/HSP90AB1",49
"GO:1903051","negative regulation of proteolysis involved in protein catabolic process","23/2966","74/18986",0.310810810810811,1.98956643764466,3.66987866539182,0.000640983890552579,0.0292573535821111,0.0261191564290665,"SGTA/UBXN1/HFE/USP5/TLK2/TRIM39/RPS7/OPHN1/USP7/CDKN2A/LAMP3/N4BP1/CSNK2A2/RPL11/SMARCC1/CSNK2B/TAF1/EIF3H/WAC/RPL5/SUFU/PHF20L1/HSP90AB1",23
"GO:0019079","viral genome replication","35/2966","130/18986",0.269230769230769,1.72340370351159,3.5611251574896,0.000652856488512339,0.029580159428037,0.0264073375306926,"CTBP2/ILF3/LTF/TOP2B/SMARCB1/SRPK1/NOTCH1/CTBP1/MORC2/HMGA2/SETDB1/CCL5/RAD23A/APOBEC3C/TRIM6/BTBD17/ISG20/ZC3H12A/CXCR6/CD28/INPP5K/DDB1/NUCKS1/N4BP1/NFIA/IFIT5/APOBEC3G/VAPA/DDX5/CCL2/PABPC1/VCP/FMR1/TRIM28/PCBP2",35
"GO:0032386","regulation of intracellular transport","63/2966","272/18986",0.231617647058824,1.48263406846218,3.44967937830131,0.000671287027556531,0.030193216524112,0.0269546370035377,"DMAP1/RBM10/SIRT6/UBE2G2/EPM2A/TARDBP/SRC/PTGS2/IWS1/STK11/MAP2K2/DHX9/ANGPT1/RAB11B/STX18/FRAT2/AKAP8L/CD36/NUMA1/RUFY3/PCNT/USP7/NF2/PTPN14/KHDRBS1/FRAT1/LEP/GRIPAP1/REEP6/ZC3H12A/EHD1/CDKN2A/NUP214/ANP32B/AAAS/ANXA2P2/CAPN10/CEP290/SIRT7/PCM1/PTPN11/DYNC1H1/CPSF6/TPR/TMEM97/ANXA2/SUMO1/CAMK1/SETD2/FERMT1/YWHAE/MSN/TRIM28/EFCAB7/RANGAP1/RBM4/MAP2/SUFU/PIK3R1/PTPN23/THOC2/PIK3R2/RAB11FIP3",63
"GO:0002009","morphogenesis of an epithelium","105/2966","500/18986",0.21,1.34425488873904,3.35662838162779,0.000739130311766897,0.0330037752254175,0.0294637300480077,"VDR/DVL1/MET/TSC2/DLL1/ADM/WNT16/HS3ST3B1/SIRT6/SOX8/TWIST1/SRC/COL5A1/HS3ST3A1/EFNB2/GREM1/SNAI1/WNT2/WDR83/RDH10/NRARP/SCRIB/NOTCH1/ZIC3/HGF/RPS7/DVL2/PBX1/CA9/CTHRC1/LIAS/HOXD13/FRZB/TCAP/SNAI2/KDM2B/OPHN1/HOXD11/FMN1/GZF1/BMP5/IL10/CTNNBIP1/HES5/SPINT1/MIB1/SOCS3/TBX6/PTCH1/LZTS2/FOXC2/FOLR1/MAGED1/EGF/NRP1/SEMA3E/CLASP2/GPC3/NKX2-5/MICAL2/LRG1/MDK/ALDH1A3/HOXB4/ITGA5/ESR1/CEP290/NOG/NKD1/ARHGAP12/SPRY1/STOX1/RSPO2/KAT2A/KDM5B/ID4/CLUAP1/PAFAH1B1/SEMA4C/SPRY2/VANGL2/DDR1/SETD2/CXCR4/CSNK2B/PDPN/FERMT1/MTOR/CTSZ/CLASP1/NPNT/EPB41L5/MSN/BRD2/TRIM28/DLC1/SMAD4/VEGFA/PRKX/PHB2/PKD2/PAK1/SUFU/TSC1/MTSS1",105
"GO:0031032","actomyosin structure organization","52/2966","216/18986",0.240740740740741,1.54103294123523,3.4409476529707,0.000753405167969728,0.0330934152064157,0.0295437550810107,"MET/EPB41L4A/SRC/CNN1/VPS4A/ARHGEF10L/ARHGEF18/TESK1/SYNPO/MYH6/MYH3/TCAP/ANKRD23/RTKN/NF2/PDLIM1/F11R/NRP1/CLASP2/ALMS1/ANKRD1/MYBPH/MYBPC2/INPP5K/NKX2-5/MYO18A/EPHA1/FAM171A1/MYL9/NRAP/MYH7/CCDC88A/DNM2/EVL/TGFB3/ALKBH4/MTOR/SLC9A1/CLASP1/LIMK1/TJP1/EPB41L5/DLC1/RHPN1/SMAD4/TMOD2/PAK1/PIK3R1/TSC1/PLEC/PIK3R2/LIMCH1",52
"GO:0070534","protein K63-linked ubiquitination","21/2966","66/18986",0.318181818181818,2.03674983142279,3.63032071140615,0.000770231125462278,0.0330934152064157,0.0295437550810107,"ZNF598/RNF5/PTPN22/TRAF2/GPS2/UBE2V1/CDKN2A/TRIM21/NOD2/TRIM65/PLAA/TRIM27/TRIM8/ARIH2/RNF126/XIAP/UBE2O/PRPF19/RNF8/WWP2/STUB1",21
"GO:0090303","positive regulation of wound healing","21/2966","66/18986",0.318181818181818,2.03674983142279,3.63032071140615,0.000770231125462278,0.0330934152064157,0.0295437550810107,"SERPINE1/THBS1/KANK1/CLDN1/F3/PTK2/CD36/HTN3/FOXC2/CLDN4/F2/INSL3/ANXA1/PLAU/USF1/THBD/TMEM97/CXCR4/FERMT1/MTOR/PLAT",21
"GO:0072594","establishment of protein localization to organelle","98/2966","462/18986",0.212121212121212,1.35783322094853,3.35037853410779,0.000771440656811688,0.0330934152064157,0.0295437550810107,"NUP133/PEX5/TSC2/DMAP1/SGTA/SIRT6/GZMB/MAN1A1/EPM2A/ACD/BCS1L/TARDBP/VPS4A/PTGS2/LRSAM1/PPP1R10/MTX1/SCRIB/NOTCH1/ANGPT1/HPS4/SEC61A2/WASH3P/CD36/ZFYVE16/TIMM13/SPCS2/HGS/RNF31/MFF/USP7/RANBP17/AP3D1/RPAIN/ZFAND2B/LEP/SAMM50/PEX6/MAPT/BCL3/EIF4ENIF1/FAM53B/ZC3H12A/TNPO2/IPO9/CDKN2A/NUP214/DNLZ/VPS53/TIMM44/PMPCA/LAMP3/ELAVL1/SREBF2/IPO13/VPS28/WRAP53/GDAP1/HTRA2/NIPBL/UBAP1/VPS13D/AIP/ARIH2/CSNK2A2/TPR/AP3M1/PEX10/SUMO1/BAP1/HACL1/SEC63/CACNG7/TOMM40/FERMT1/MFN2/TRIM28/EFCAB7/VPS37D/APPL1/TERF1/RANBP6/PEX16/UBE2L3/PEX14/CHMP4B/PHB2/USP36/PINK1/SUFU/PIK3R1/HSPD1/SRP68/PARL/TIMM50/SSR3/PTPN23/PIK3R2",98
"GO:0070227","lymphocyte apoptotic process","25/2966","84/18986",0.297619047619048,1.90512314163696,3.5772809568637,0.000781493912231388,0.0330934152064157,0.0295437550810107,"NFKBIZ/NOC2L/LGALS3/JAK3/EBF4/PKN1/ARG2/FAS/IL10/CCL5/CD274/RAG1/CD3G/FASLG/IL2RA/BCL3/IL7R/CLC/SLC46A2/CD27/ORMDL3/CASP7/ST3GAL1/LYN/CRKL",25
"GO:2000736","regulation of stem cell differentiation","25/2966","84/18986",0.297619047619048,1.90512314163696,3.5772809568637,0.000781493912231388,0.0330934152064157,0.0295437550810107,"HNRNPU/SIRT6/CHD4/MBD3/KAT5/GATAD2B/NOTCH1/MTA1/RBM24/SMYD5/SOX6/SETD1A/MTA2/MTA3/HES5/BBS12/SP7/TRIM6/NKX2-5/WNT3/HOXB4/METTL3/KDM4C/GATAD2A/CHD3",25
"GO:0030038","contractile actin filament bundle assembly","31/2966","112/18986",0.276785714285714,1.77176452172238,3.52469436508742,0.000784102340171485,0.0330934152064157,0.0295437550810107,"MET/SRC/ARHGEF10L/ARHGEF18/TESK1/SYNPO/NF2/PDLIM1/F11R/NRP1/CLASP2/ALMS1/INPP5K/EPHA1/FAM171A1/CCDC88A/DNM2/EVL/TGFB3/MTOR/SLC9A1/CLASP1/LIMK1/TJP1/DLC1/RHPN1/PAK1/PIK3R1/TSC1/PIK3R2/LIMCH1",31
"GO:0043149","stress fiber assembly","31/2966","112/18986",0.276785714285714,1.77176452172238,3.52469436508742,0.000784102340171485,0.0330934152064157,0.0295437550810107,"MET/SRC/ARHGEF10L/ARHGEF18/TESK1/SYNPO/NF2/PDLIM1/F11R/NRP1/CLASP2/ALMS1/INPP5K/EPHA1/FAM171A1/CCDC88A/DNM2/EVL/TGFB3/MTOR/SLC9A1/CLASP1/LIMK1/TJP1/DLC1/RHPN1/PAK1/PIK3R1/TSC1/PIK3R2/LIMCH1",31
"GO:0010833","telomere maintenance via telomere lengthening","23/2966","75/18986",0.306666666666667,1.96303888514273,3.59564515537802,0.000789730251812768,0.0331042028004781,0.0295533855780417,"HNRNPU/HNRNPA1/ACD/PARP1/TERF2/HNRNPD/CCT3/HNRNPA2B1/PKIB/NHP2/TERF2IP/RFC1/WRAP53/ZBTB48/CCT7/MCRS1/SMG6/SMG5/HNRNPC/RTEL1/TERF1/PARN/HSP90AB1",23
"GO:0045580","regulation of T cell differentiation","47/2966","191/18986",0.246073298429319,1.57516778286549,3.43755526149129,0.000799933662851679,0.0333053461519733,0.0297329539264785,"BRD7/NFKBIZ/IL7/SART1/SMARCA4/CR1/SMARCC2/SOX12/JAK3/NRARP/KAT5/SMARCB1/RAG1/TNFSF9/TNFSF4/SOCS1/KLHL25/AP3D1/IL1RL2/CD2/IL2RA/CRTAM/ZEB1/NKAP/IL7R/ZC3H12A/CDKN2A/SLC46A2/LGALS1/CD28/PHF10/ANXA1/CD27/MDK/METTL3/SOX4/PRDM1/KAT2A/ZMIZ1/RC3H1/SMARCC1/SMARCD1/RUNX1/IL4R/BRD2/SOS2/ARID1B",47
"GO:0051960","regulation of nervous system development","98/2966","463/18986",0.211663066954644,1.35490053580609,3.32660399985819,0.000831313064049128,0.0340564686805156,0.030403509681473,"SS18L1/ANAPC2/DLL1/HES6/SOX8/SERPINF1/BCAN/OLIG2/MBD1/STK11/HEY2/MAP2K2/WNT2/QKI/NOTCH1/NR2E1/FXR1/STK25/TRPV2/CLCF1/GDI1/SPP1/GSX2/PTPRS/DBN1/ATOH1/SRPX2/FXR2/TRIM11/FEZF1/CHD7/HDAC6/CRABP2/CTSC/SIRT2/HES5/CUL7/RUFY3/SPINT1/NF2/PLXNB1/ASCL1/HES2/PLXNB3/NLGN2/MAPT/F2/NRP1/NKX6-1/SPEN/RGS14/PRTG/ELL3/OTP/POU4F2/NAP1L1/IL1RAP/IL6/MDK/WNT3/LRRC24/LRRN1/SEMA3F/CST7/NOG/PCM1/TRAK1/HEY1/NTRK2/ID4/VCAN/PAFAH1B1/HAPLN4/AMIGO2/ANXA2/OXTR/FBXW8/SLIT1/DIP2B/PAX6/CDKN2B/ACE/CXCR4/YWHAH/MTOR/FN1/FMR1/LIMK1/PRMT5/METRN/HOOK3/HLTF/LYN/VEGFA/BHLHE40/MAP2/EPHB3/SLC7A5",98
"GO:0000184","nuclear-transcribed mRNA catabolic process, nonsense-mediated decay","16/2966","45/18986",0.355555555555556,2.27598711320896,3.68731900080238,0.000836061156521442,0.0340564686805156,0.030403509681473,"UPF3B/UPF3A/RNPS1/UPF1/SECISBP2/CASC3/SMG7/ZC3H12A/UPF2/APOBEC1/RC3H1/SMG6/PABPC1/NBAS/SMG5/PARN",16
"GO:0006308","DNA catabolic process","13/2966","33/18986",0.393939393939394,2.52169026747584,3.76447025391582,0.000840081668198373,0.0340564686805156,0.030403509681473,"REXO4/DNASE1/HSF1/DNASE1L1/ISG20/APEX1/CDKN2A/IL6/DNASE1L2/MUS81/RGN/DFFB/ENDOG",13
"GO:0043247","telomere maintenance in response to DNA damage","13/2966","33/18986",0.393939393939394,2.52169026747584,3.76447025391582,0.000840081668198373,0.0340564686805156,0.030403509681473,"ACD/TERF2/XRCC1/ACTR5/INO80D/APEX1/INO80B/TERF2IP/INO80/MCRS1/INO80E/RTEL1/TFIP11",13
"GO:0016242","negative regulation of macroautophagy","14/2966","37/18986",0.378378378378378,2.42208088061089,3.72556058150619,0.000860611086494919,0.0346606896404032,0.0309429207982281,"TSC2/EHMT2/UBQLN4/LZTS1/CLEC16A/HDAC6/USP30/HTRA2/HMOX1/MTOR/USP36/PINK1/TSC1/POLDIP2",14
"GO:0031123","RNA 3'-end processing","27/2966","94/18986",0.287234042553192,1.83864650435431,3.50722410729316,0.000902522936107858,0.0358689747922476,0.0320216030790218,"WDR33/YTHDC1/SUPV3L1/MTPAP/CPSF1/TUT1/CSTF2T/EXOSC7/INTS1/PCF11/ZC3H3/ANGEL2/EXOSC2/EXOSC5/EXOSC4/CPSF7/SSB/CDK9/RPRD2/CPSF6/REXO1/PAF1/LARP7/CSTF3/ELAC2/EXOSC6/PARN",27
"GO:1900182","positive regulation of protein localization to nucleus","27/2966","94/18986",0.287234042553192,1.83864650435431,3.50722410729316,0.000902522936107858,0.0358689747922476,0.0320216030790218,"DMAP1/TARDBP/SRC/PTGS2/PARP1/STK11/TESK1/TCF7L2/CCT3/LEP/F2/ZC3H12A/CDKN2A/GLIS2/CCT7/ORMDL3/MCRS1/TRIM8/MEPCE/TPR/LARP7/TRIM28/EFCAB7/CREBBP/WWTR1/PIK3R1/PIK3R2",27
"GO:0042255","ribosome assembly","19/2966","58/18986",0.327586206896552,2.09694933382938,3.60004409372526,0.000908075311196141,0.0358689747922476,0.0320216030790218,"PWP2/DHX30/RPSA/BOP1/RRS1/ERAL1/MRPS2/RPL24/EIF5B/NPM1/RPL11/DHX37/RPS15/NOP2/NGRN/RPL5/MRTO4/DHX29/FAU",19
"GO:0006368","transcription elongation by RNA polymerase II","32/2966","118/18986",0.271186440677966,1.73592237448141,3.45040198667125,0.000952045325577054,0.037366263033158,0.0333582894499878,"HNRNPU/SIRT6/PARP1/IWS1/TCEA2/AXIN1/MED24/GLYR1/SUPT16H/SUPT5H/RECQL5/GTF2F1/MED25/SART3/INTS1/MED22/ZMYND11/CTDP1/GTF2F2/ELL3/MED16/TCERG1/CDK9/RTF1/PAF1/LARP7/SETD2/RNF8/ZMYND8/MED29/ERCC3/HEXIM1",32
"GO:0045661","regulation of myoblast differentiation","23/2966","76/18986",0.302631578947368,1.93720942612769,3.52255106694224,0.000967463129897301,0.0377310620659947,0.0336839594726402,"BRD7/DLL1/SOX8/SMARCA4/SMARCC2/KAT5/SMARCB1/NOTCH1/RBM24/TNFSF14/XKR8/CXCL9/MYOCD/PHF10/SOX4/LRRC8A/EID2B/SMARCC1/SMARCD1/IGFBP3/CMTM5/ARID1B/MAP3K5",23
"GO:0051962","positive regulation of nervous system development","67/2966","297/18986",0.225589225589226,1.44404485402462,3.31872794516894,0.000977525394578412,0.0378837200087558,0.0338202430457913,"SS18L1/ANAPC2/SOX8/SERPINF1/BCAN/OLIG2/STK11/MAP2K2/WNT2/QKI/NOTCH1/NR2E1/FXR1/STK25/TRPV2/CLCF1/GDI1/GSX2/DBN1/SRPX2/FXR2/HDAC6/CRABP2/CUL7/RUFY3/SPINT1/PLXNB1/ASCL1/PLXNB3/NLGN2/MAPT/NRP1/NKX6-1/SPEN/RGS14/ELL3/OTP/POU4F2/NAP1L1/IL1RAP/IL6/MDK/WNT3/LRRC24/LRRN1/TRAK1/NTRK2/ID4/VCAN/PAFAH1B1/HAPLN4/AMIGO2/OXTR/FBXW8/PAX6/ACE/CXCR4/MTOR/FN1/FMR1/LIMK1/PRMT5/METRN/LYN/VEGFA/EPHB3/SLC7A5",67
"GO:0032200","telomere organization","47/2966","193/18986",0.243523316062176,1.55884480065963,3.35761912971779,0.00101464141906425,0.0390763776517118,0.0348849740528274,"HNRNPU/SIRT6/HNRNPA1/ACD/MAP2K7/SRC/NVL/PARP1/NSMCE4A/EID3/UPF1/PPP1R10/TERF2/HNRNPD/XRCC1/ACTR5/INO80D/CCT3/SIRT2/USP7/HNRNPA2B1/PKIB/NHP2/APEX1/INO80B/TERF2IP/RFC1/WRAP53/INO80/ZBTB48/CCT7/MCRS1/HDAC8/SMG6/EZH1/INO80E/SMG5/HNRNPC/RTEL1/TERF1/DOT1L/YLPM1/TFIP11/PARN/NSMCE1/GNL3/HSP90AB1",47
"GO:1903036","positive regulation of response to wounding","24/2966","81/18986",0.296296296296296,1.89665592767413,3.47968243338065,0.00105645753931659,0.0402009998857125,0.0358889672530678,"SERPINE1/FKBP1B/THBS1/KANK1/CLDN1/F3/PTK2/CD36/HTN3/PUM2/FOXC2/CLDN4/F2/INSL3/ANXA1/MDK/PLAU/USF1/THBD/TMEM97/CXCR4/FERMT1/MTOR/PLAT",24
"GO:0006997","nucleus organization","39/2966","153/18986",0.254901960784314,1.63168193777848,3.37554606726977,0.0010568909414939,0.0402009998857125,0.0358889672530678,"NUP133/SPAST/TARDBP/VPS4A/KAT5/SRPK1/FXR1/NOLC1/SF1/DES/ACTR6/HABP4/PHF2/AKAP8L/CHMP6/SIRT2/NUMA1/SIRT1/NEK6/CHMP4C/SUMO1P1/CDKN2A/DYRK3/GOLM1/WRAP53/LEMD2/PAFAH1B1/TPR/CHMP7/SUMO1/RNF8/DMPK/NSFL1C/CHMP4B/USP36/PLEC/TMEM170A/RRN3/CHMP1A",39
"GO:0051492","regulation of stress fiber assembly","27/2966","95/18986",0.284210526315789,1.81929233062427,3.44455272114555,0.00107618446580934,0.0402635656209527,0.0359448220733355,"MET/ARHGEF10L/ARHGEF18/TESK1/SYNPO/NF2/F11R/NRP1/CLASP2/ALMS1/INPP5K/EPHA1/CCDC88A/EVL/TGFB3/MTOR/SLC9A1/CLASP1/LIMK1/TJP1/DLC1/RHPN1/PAK1/PIK3R1/TSC1/PIK3R2/LIMCH1",27
"GO:0006417","regulation of translation","97/2966","461/18986",0.210412147505423,1.34689313302022,3.24434234784443,0.0010768496580612,0.0402635656209527,0.0359448220733355,"CDK5RAP1/UPF3B/HNRNPU/PCIF1/PAIP1/ILF3/NCL/GZMB/CIRBP/LSM14B/TRAP1/PA2G4/UPF3A/QKI/NGDN/PTCD3/UPF1/ZNF598/RPL13A/SCRIB/UNK/SECISBP2/EIF2B5/RBM24/FXR1/NOLC1/CASC3/ABCF1/HNRNPD/THBS1/EEFSEC/EEF2/DHX9/C6orf52/DUS3L/HABP4/FXR2/EIF4EBP2/EIF2B4/RPL10/MSI1/CCL5/TCOF1/TNRC6C/IGF2BP3/KLHL25/KHDRBS1/PUM2/BCL3/EIF4ENIF1/BANK1/PPP1R15A/CD28/SSB/ELAVL1/PRR16/MRPS27/LARP4B/POLDIP3/IL6/IGF2BP1/DDX1/CNOT6/METTL3/ELP3/EIF5B/SOX4/DDX6/TPR/NPM1/ZNF540/RBM4B/TNRC6B/PABPC1/EIF4B/MTOR/GUF1/FMR1/MTG1/EIF3B/EIF3H/ZNF706/RBM4/NGRN/RPS6KA3/TIA1/RPL5/PUM1/RPL26/PINK1/DAPK1/TSC1/DHX29/LRPPRC/GIGYF2/TNRC6A/RPS9",97
"GO:0022411","cellular component disassembly","95/2966","450/18986",0.211111111111111,1.35136734846782,3.24578139133845,0.00107919146943207,0.0402635656209527,0.0359448220733355,"PLIN2/PEX5/UBQLN4/SPAST/KATNB1/MMP10/VPS4A/SMARCA4/SMARCC2/UPF1/ZNF598/SET/KAT5/TCF25/SMARCB1/SUPT16H/DPP4/LIX1L/ADD1/APC2/MMP8/MAP1LC3C/AKAP8L/MTRF1L/MMP7/SLN/ACIN1/SNAI2/CLEC16A/HDAC6/CHMP6/DEDD2/SPTAN1/GAK/TRPV4/HSF1/MMP9/NEK6/CHKA/STMN3/CHMP4C/ANKZF1/USP10/MMP11/CTSK/SWAP70/CLASP2/SSRP1/CDKN2A/VPS16/MICAL3/DYRK3/MICAL2/TRIM21/IL6/MAP4K4/NCKAP5L/LAMC1/CAPN10/ERN2/CMA1/SARM1/GBF1/ATAD2B/BLCAP/SHARPIN/SPTBN2/SH3GL1/AVIL/PAFAH1B1/CHMP7/PEX10/TGFB3/DDR1/SMARCC1/DUSP3/DFFB/SMARCD1/KIF5B/PDPN/VCP/CLASP1/TMOD2/ENDOG/PEX14/CHMP4B/CLN3/VTA1/MMP15/ARHGEF2/PIK3R1/TFIP11/TRIOBP/GIGYF2/CHMP1A",95
"GO:0060485","mesenchyme development","75/2966","341/18986",0.219941348973607,1.4078915885411,3.27039615359482,0.00108467249157386,0.0402635656209527,0.0359448220733355,"NUP133/SPSB3/WNT16/SOX8/TWIST1/HEY2/GREM1/SNAI1/WNT2/QKI/RDH10/NOTCH1/RBM24/NOLC1/ZIC3/TCF7L2/PDCD4/LRP6/HGF/RPS7/HMGA2/DAB2IP/FRZB/SNAI2/PTK2/BMP5/CUL7/TCOF1/NRTN/FOXC2/FOLR1/FBXO11/VASN/TAPT1/NRP1/SEMA3E/CLASP2/IL17RD/SPRED3/ELL3/NKX2-5/OTUD5/EDNRB/NCAM1/IL6/LRG1/COL1A1/MDK/TRIM62/SEMA3F/NOG/LOXL2/SPRY1/DACT3/SOX4/HEY1/SEMA4G/SEMA4C/SPRY2/TGFB3/DDX5/PAX6/PDPN/ACTA2/MTOR/FN1/CLASP1/EPB41L5/TRIM28/ZFP64/SMAD4/DDX17/WWTR1/VEGFA/PKD2",75
"GO:0006401","RNA catabolic process","88/2966","412/18986",0.213592233009709,1.36724954009519,3.24277462688716,0.00111648189333095,0.0411961762078162,0.0367773991462183,"UPF3B/HNRNPU/PAIP1/FUS/RBM10/SUPV3L1/CIRBP/ZC3H4/LSM14B/GTPBP1/ZHX2/EDC4/TARDBP/PCBP4/DIS3L2/UPF3A/RNPS1/QKI/UPF1/MTPAP/CSDC2/TESK1/ZC3H12D/TRAF2/SECISBP2/RBM24/FXR1/CASC3/HNRNPD/DHX9/KHSRP/ZC3H18/DDX49/FXR2/EXOSC7/FASTKD1/DEDD2/MYD88/TNRC6C/IGF2BP3/PUM2/ZCCHC7/ANGEL2/IKBKE/EXOSC2/ISG20/EXOSC5/EXOSC4/APEX1/EIF4ENIF1/SMG7/ZC3H12A/TAF15/RNASE3/UPF2/SSB/ELAVL1/LARP4B/EDC3/IGF2BP1/HNRNPA0/APOBEC1/CNOT6/ERN2/METTL3/LSM7/DIS3L/RC3H1/NPM1/SMG6/DDX5/TNRC6B/CACNG7/PABPC1/NBAS/FMR1/SMG5/HNRNPC/ELAC2/EXOSC6/PUM1/MRTO4/PAN2/PARN/FTO/LRPPRC/GIGYF2/TNRC6A",88
"GO:0006446","regulation of translational initiation","25/2966","86/18986",0.290697674418605,1.86081795229657,3.44262134655938,0.00113807769737785,0.0414301839418522,0.0369863067835323,"PAIP1/ZNF598/RPL13A/SCRIB/EIF2B5/HABP4/EIF4EBP2/CCL5/KLHL25/KHDRBS1/BANK1/PPP1R15A/DDX1/METTL3/EIF5B/TPR/NPM1/EIF4B/MTOR/FMR1/EIF3B/EIF3H/RBM4/DHX29/GIGYF2",25
"GO:0006476","protein deacetylation","15/2966","42/18986",0.357142857142857,2.28614776996436,3.59037069038542,0.00114299436386155,0.0414301839418522,0.0369863067835323,"SIRT6/NNMT/HDAC6/SIRT2/SIRT1/WDR5/MAPT/YEATS2/HDAC4/FRY/SIRT7/KAT2A/MBIP/BEX4/KAT2B",15
"GO:0032509","endosome transport via multivesicular body sorting pathway","15/2966","42/18986",0.357142857142857,2.28614776996436,3.59037069038542,0.00114299436386155,0.0414301839418522,0.0369863067835323,"VPS4A/CHMP6/HGS/UBXN6/CHMP4C/VPS28/RILP/UBAP1/CHMP7/VCP/VPS37D/CHMP4B/VTA1/PTPN23/CHMP1A",15
"GO:0019068","virion assembly","13/2966","34/18986",0.382352941176471,2.44752290666772,3.63493791872915,0.001167506630229,0.0416313716543166,0.0371659147346997,"VPS4A/LRSAM1/CHMP6/CHMP4C/VPS28/RAB43/DDX6/CHMP7/VPS37D/CHMP4B/APOE/PC/CHMP1A",13
"GO:0034391","regulation of smooth muscle cell apoptotic process","14/2966","38/18986",0.368421052631579,2.3583419100685,3.60644097800475,0.00116881325806504,0.0416313716543166,0.0371659147346997,"RBM10/PPARG/PDCD4/LRP6/GRIA4/SOD2/SIRT1/CDKN2A/BAG1/ESR1/MFN2/DNMT1/SLC7A5/STUB1",14
"GO:0070316","regulation of G0 to G1 transition","14/2966","38/18986",0.368421052631579,2.3583419100685,3.60644097800475,0.00116881325806504,0.0416313716543166,0.0371659147346997,"BRD7/SMARCA4/SMARCC2/SMARCB1/BCL7A/DAB2IP/PHF10/DPF2/FOXO4/SMARCC1/CDKN2B/SMARCD1/DPF1/ARID1B",14
"GO:0001708","cell fate specification","30/2966","110/18986",0.272727272727273,1.74578556979096,3.37531999710892,0.00122377456126228,0.0433384991178057,0.0386899325901796,"NFIB/EHMT2/DLL1/CHD4/SOX2/OLIG2/MBD3/GATAD2B/NOTCH1/MTA1/HOXC10/GSX2/ATOH1/APC2/MTA2/MTA3/ASCL1/TBX6/PTCH1/HOXD10/TLX3/NRP1/DMRT3/TBX15/NFIA/PAX6/SMAD4/GATAD2A/CHD3/SUFU",30
"GO:0007044","cell-substrate junction assembly","27/2966","96/18986",0.28125,1.80034136884693,3.38263019670048,0.00127808540059296,0.0450032127911648,0.0401760860360831,"SRC/GREM1/THBS1/TAOK2/ACTN1/PTK2/FMN1/BCR/NRP1/CLASP2/MAP4K4/ARHGEF7/ITGA5/LAMC1/DUSP3/DST/FN1/SLC9A1/CLASP1/EPB41L5/DLC1/VEGFA/TSC1/PLEC/CDH11/POLDIP2/LIMCH1",27
"GO:0001952","regulation of cell-matrix adhesion","33/2966","125/18986",0.264,1.68992043155765,3.32990063055477,0.00131676750698516,0.0461018260116054,0.0411568599970362,"SERPINE1/SRC/GREM1/CASK/THBS1/POSTN/PTK2/CD36/FMN1/NF2/SKAP1/NRP1/SEMA3E/CLASP2/EFEMP2/CDKN2A/MAP4K4/EPHA1/BST1/PLAU/DDR1/DUSP3/FERMT1/SLC9A1/CLASP1/EPB41L5/DLC1/VEGFA/PIK3R1/TSC1/RIN2/POLDIP2/LIMCH1",33
"GO:0120162","positive regulation of cold-induced thermogenesis","28/2966","101/18986",0.277227722772277,1.77459391252679,3.35842682479361,0.00133643077623349,0.046456723642893,0.041473690660544,"SIRT6/FABP5/SMARCA4/EBF2/GPR3/THRA/TRPV2/GRB10/EHMT1/STAT6/SLN/CD36/ACSL1/HSF1/TRPM8/CAV1/LEP/G0S2/ALMS1/DYNC1H1/PEMT/OXTR/CXCR4/MFN2/IL4R/ADIPOR2/VEGFA/GADD45G",28
"GO:0090042","tubulin deacetylation","10/2966","23/18986",0.434782608695652,2.78313641560878,3.68175243779771,0.00136843860423112,0.046456723642893,0.041473690660544,"HDAC6/SIRT2/WDR5/MAPT/YEATS2/FRY/KAT2A/MBIP/BEX4/KAT2B",10
"GO:0006361","transcription initiation at RNA polymerase I promoter","8/2966","16/18986",0.5,3.2006068779501,3.78903319529763,0.00138648345705857,0.046456723642893,0.041473690660544,"UBTF/POLR1E/SMARCA4/SMARCB1/TBP/TAF1C/TAF1/RRN3",8
"GO:0016074","sno(s)RNA metabolic process","8/2966","16/18986",0.5,3.2006068779501,3.78903319529763,0.00138648345705857,0.046456723642893,0.041473690660544,"RNF113B/ZCCHC7/EXOSC2/EXOSC5/EXOSC4/LARP7/EXOSC6/PARN",8
"GO:0034497","protein localization to phagophore assembly site","8/2966","16/18986",0.5,3.2006068779501,3.78903319529763,0.00138648345705857,0.046456723642893,0.041473690660544,"WIPI1/ATG9B/ATG9A/ATG4B/PACS2/MFN2/WIPI2/ATG4D",8
"GO:0046831","regulation of RNA export from nucleus","8/2966","16/18986",0.5,3.2006068779501,3.78903319529763,0.00138648345705857,0.046456723642893,0.041473690660544,"IWS1/DHX9/AKAP8L/KHDRBS1/CPSF6/TPR/SETD2/THOC2",8
"GO:0009408","response to heat","29/2966","106/18986",0.273584905660377,1.75127546151987,3.33741919793287,0.00138721797310813,0.046456723642893,0.041473690660544,"PSIP1/MAP2K7/PTGS2/EEF1D/TRPV1/EIF2B5/THBS1/DNAJC7/EIF2B4/HDAC6/SIRT1/TRPV4/HSF1/ST8SIA1/MAPT/HTRA2/HMOX1/HSPA6/TPR/SUMO1/MTOR/YWHAE/VCP/CREBBP/DNAJB1/LYN/HSPB6/STUB1/HSP90AB1",29
"GO:0110020","regulation of actomyosin structure organization","29/2966","106/18986",0.273584905660377,1.75127546151987,3.33741919793287,0.00138721797310813,0.046456723642893,0.041473690660544,"MET/ARHGEF10L/ARHGEF18/TESK1/SYNPO/ANKRD23/NF2/F11R/NRP1/CLASP2/ALMS1/INPP5K/EPHA1/CCDC88A/EVL/TGFB3/MTOR/SLC9A1/CLASP1/LIMK1/TJP1/DLC1/RHPN1/SMAD4/PAK1/PIK3R1/TSC1/PIK3R2/LIMCH1",29
"GO:0006302","double-strand break repair","71/2966","323/18986",0.219814241486068,1.40707794634339,3.17502921815756,0.00147107363997096,0.0489986798351407,0.0437429919913981,"BRD7/HTATSF1/DMAP1/FUS/UBQLN4/VPS72/MAGEF1/SIRT6/CHD4/TWIST1/MPND/MBTD1/PARP1/SMARCA4/NSMCE4A/SMARCC2/EID3/KAT5/TOP2B/SMARCB1/PARP2/MTA1/RECQL5/XRCC1/BCL7A/ERCC5/HMGA2/POLL/KDM4D/ACTR5/SFPQ/SENP3/GGN/WDR48/SPIRE1/SIRT1/HSF1/POGZ/ZCWPW1/BRD8/TERF2IP/PHF10/NUCKS1/WRAP53/PALB2/DPF2/INO80/DDX1/NIPBL/MUS81/SPIRE2/SMCHD1/CSNK2A2/RNF126/SMARCC1/SETD2/EP400/PRPF19/SMARCD1/OTUB1/RNF8/VCP/DPF1/CREBBP/RTEL1/ZMYND8/MCM7/ARID1B/TFIP11/NSMCE1/RAD21",71
